Otu,Kingdom,Phylum,Class,Order,Family,Genus
Otu1,Bacteria,Firmicutes,Clostridia,Lachnospirales,Lachnospiraceae,na
Otu10,Bacteria,Firmicutes,Clostridia,Oscillospirales,Ruminococcaceae,na
Otu100,Bacteria,Firmicutes,Negativicutes,Veillonellales-Selenomonadales,Veillonellaceae,Megasphaera
Otu1005,Unclassified,na,na,na,na,na
Otu1008,Unclassified,na,na,na,na,na
Otu101,Bacteria,Bacteroidota,Bacteroidia,Bacteroidales,Muribaculaceae,na
Otu1014,Bacteria,Firmicutes,Clostridia,Oscillospirales,Ruminococcaceae,na
Otu1016,Bacteria,Firmicutes,Clostridia,Oscillospirales,Ruminococcaceae,Ruminococcus
Otu1017,Bacteria,Firmicutes,Clostridia,Oscillospirales,Oscillospiraceae,na
Otu1018,Unclassified,na,na,na,na,na
Otu102,Bacteria,Firmicutes,Negativicutes,Veillonellales-Selenomonadales,Veillonellaceae,Veillonella
Otu1021,Unclassified,na,na,na,na,na
Otu1027,Bacteria,Firmicutes,Clostridia,Lachnospirales,Lachnospiraceae,FD2005
Otu103,Bacteria,Firmicutes,Clostridia,Oscillospirales,na,na
Otu1030,Unclassified,na,na,na,na,na
Otu1037,Unclassified,na,na,na,na,na
Otu1039,Bacteria,Firmicutes,Clostridia,Oscillospirales,Ruminococcaceae,na
Otu104,Bacteria,Firmicutes,Clostridia,Lachnospirales,Lachnospiraceae,na
Otu1046,Unclassified,na,na,na,na,na
Otu105,Bacteria,Bacteroidota,Bacteroidia,Bacteroidales,na,na
Otu1051,Unclassified,na,na,na,na,na
Otu1054,Unclassified,na,na,na,na,na
Otu106,Bacteria,Firmicutes,Negativicutes,Veillonellales-Selenomonadales,Veillonellaceae,Veillonella
Otu1062,Unclassified,na,na,na,na,na
Otu1064,Unclassified,na,na,na,na,na
Otu1065,Bacteria,Bacteroidota,Bacteroidia,Cytophagales,Amoebophilaceae,Candidatus Amoebophilus
Otu1066,Unclassified,na,na,na,na,na
Otu107,Bacteria,Firmicutes,Clostridia,Christensenellales,Christensenellaceae,Christensenellaceae R-7 group
Otu1073,Bacteria,Firmicutes,Clostridia,na,na,na
Otu108,Bacteria,Firmicutes,Clostridia,Oscillospirales,Oscillospiraceae,na
Otu1080,Bacteria,Bacteroidota,Bacteroidia,Sphingobacteriales,Sphingobacteriaceae,na
Otu1086,Unclassified,na,na,na,na,na
Otu109,Bacteria,Firmicutes,Clostridia,Lachnospirales,Lachnospiraceae,Coprococcus
Otu1091,Bacteria,Firmicutes,Clostridia,Lachnospirales,Lachnospiraceae,na
Otu11,Bacteria,Bacteroidota,Bacteroidia,Bacteroidales,Bacteroidaceae,Bacteroides
Otu110,Bacteria,Firmicutes,Clostridia,Lachnospirales,Lachnospiraceae,na
Otu1104,Unclassified,na,na,na,na,na
Otu111,Bacteria,Proteobacteria,Gammaproteobacteria,Burkholderiales,Sutterellaceae,Parasutterella
Otu1112,Bacteria,Bacteroidota,Bacteroidia,Bacteroidales,na,na
Otu112,Bacteria,Verrucomicrobiota,Verrucomicrobiae,Verrucomicrobiales,Akkermansiaceae,Akkermansia
Otu1121,Bacteria,Firmicutes,Clostridia,Oscillospirales,na,na
Otu1122,Unclassified,na,na,na,na,na
Otu1127,Bacteria,Firmicutes,Clostridia,Oscillospirales,Ruminococcaceae,na
Otu113,Bacteria,Bacteroidota,Bacteroidia,Bacteroidales,Bacteroidaceae,Bacteroides
Otu1133,Bacteria,Firmicutes,Clostridia,Lachnospirales,Lachnospiraceae,na
Otu1136,Bacteria,Actinobacteriota,Actinobacteria,Bifidobacteriales,Bifidobacteriaceae,Bifidobacterium
Otu114,Bacteria,Firmicutes,Clostridia,Oscillospirales,Butyricicoccaceae,Butyricicoccus
Otu1143,Bacteria,Firmicutes,Clostridia,Lachnospirales,Lachnospiraceae,na
Otu1144,Bacteria,Firmicutes,Clostridia,Oscillospirales,Ruminococcaceae,na
Otu1149,Bacteria,Firmicutes,Clostridia,Lachnospirales,Lachnospiraceae,na
Otu115,Bacteria,Firmicutes,Negativicutes,Veillonellales-Selenomonadales,Veillonellaceae,Veillonella
Otu1151,Unclassified,na,na,na,na,na
Otu1152,Unclassified,na,na,na,na,na
Otu1153,Unclassified,na,na,na,na,na
Otu1154,Bacteria,Firmicutes,Clostridia,Lachnospirales,Lachnospiraceae,Lachnospiraceae UCG-008
Otu116,Bacteria,Firmicutes,Clostridia,Lachnospirales,Lachnospiraceae,uncultured
Otu1161,Bacteria,Firmicutes,Clostridia,Lachnospirales,Lachnospiraceae,na
Otu1163,Unclassified,na,na,na,na,na
Otu1166,Bacteria,Firmicutes,Clostridia,Lachnospirales,Lachnospiraceae,Lachnospiraceae NK4A136 group
Otu117,Bacteria,Proteobacteria,Gammaproteobacteria,Burkholderiales,na,na
Otu1173,Bacteria,Actinobacteriota,Actinobacteria,Bifidobacteriales,Bifidobacteriaceae,Bifidobacterium
Otu1177,Unclassified,na,na,na,na,na
Otu118,Bacteria,Firmicutes,Clostridia,Lachnospirales,Lachnospiraceae,na
Otu1189,Unclassified,na,na,na,na,na
Otu119,Bacteria,Firmicutes,Clostridia,Oscillospirales,Ruminococcaceae,Incertae Sedis
Otu1190,Unclassified,na,na,na,na,na
Otu1191,Unclassified,na,na,na,na,na
Otu1194,Bacteria,Firmicutes,Clostridia,Lachnospirales,Lachnospiraceae,Agathobacter
Otu1195,Unclassified,na,na,na,na,na
Otu1196,Bacteria,Firmicutes,Clostridia,Lachnospirales,Lachnospiraceae,na
Otu1198,Unclassified,na,na,na,na,na
Otu12,Bacteria,Firmicutes,Clostridia,Lachnospirales,Lachnospiraceae,na
Otu120,Bacteria,Firmicutes,Clostridia,Lachnospirales,Lachnospiraceae,na
Otu121,Bacteria,Firmicutes,Bacilli,Erysipelotrichales,Erysipelatoclostridiaceae,na
Otu1218,Unclassified,na,na,na,na,na
Otu1219,Unclassified,na,na,na,na,na
Otu1224,Unclassified,na,na,na,na,na
Otu123,Bacteria,Proteobacteria,Gammaproteobacteria,Enterobacterales,na,na
Otu1232,Unclassified,na,na,na,na,na
Otu1234,Bacteria,Firmicutes,Clostridia,na,na,na
Otu1237,Bacteria,Firmicutes,Clostridia,Lachnospirales,Lachnospiraceae,Lachnospiraceae NK4A136 group
Otu124,Bacteria,Firmicutes,Bacilli,Lactobacillales,Lactobacillaceae,na
Otu1249,Bacteria,Actinobacteriota,Actinobacteria,Bifidobacteriales,Bifidobacteriaceae,Bifidobacterium
Otu125,Bacteria,Firmicutes,Clostridia,Lachnospirales,Lachnospiraceae,na
Otu1253,Unclassified,na,na,na,na,na
Otu1257,Unclassified,na,na,na,na,na
Otu126,Bacteria,Firmicutes,Clostridia,na,na,na
Otu1260,Unclassified,na,na,na,na,na
Otu1264,Bacteria,Firmicutes,Clostridia,Oscillospirales,[Eubacterium] coprostanoligenes group,na
Otu1267,Bacteria,Firmicutes,Clostridia,na,na,na
Otu127,Bacteria,Bacteroidota,Bacteroidia,Bacteroidales,Bacteroidaceae,Bacteroides
Otu1273,Unclassified,na,na,na,na,na
Otu128,Bacteria,Firmicutes,Clostridia,Oscillospirales,Oscillospiraceae,na
Otu1284,Unclassified,na,na,na,na,na
Otu1286,Bacteria,Firmicutes,Clostridia,Lachnospirales,Lachnospiraceae,na
Otu129,Bacteria,Bacteroidota,Bacteroidia,Bacteroidales,Tannerellaceae,Parabacteroides
Otu1290,Bacteria,Firmicutes,Clostridia,Lachnospirales,Lachnospiraceae,na
Otu1292,Unclassified,na,na,na,na,na
Otu1295,Bacteria,Firmicutes,Clostridia,Lachnospirales,Lachnospiraceae,na
Otu13,Bacteria,Firmicutes,Clostridia,Lachnospirales,Lachnospiraceae,Roseburia
Otu130,Bacteria,Firmicutes,Clostridia,Clostridia UCG-014,na,na
Otu1304,Bacteria,Firmicutes,Negativicutes,Acidaminococcales,Acidaminococcaceae,uncultured
Otu131,Bacteria,Firmicutes,Bacilli,Erysipelotrichales,Erysipelotrichaceae,na
Otu1311,Bacteria,Firmicutes,Clostridia,Lachnospirales,Lachnospiraceae,na
Otu1315,Bacteria,Firmicutes,Clostridia,Lachnospirales,Lachnospiraceae,Lachnospiraceae UCG-008
Otu132,Bacteria,Firmicutes,Clostridia,Eubacteriales,Eubacteriaceae,Eubacterium
Otu1321,Bacteria,Firmicutes,Clostridia,na,na,na
Otu1328,Unclassified,na,na,na,na,na
Otu1329,Bacteria,Firmicutes,Clostridia,Lachnospirales,Lachnospiraceae,na
Otu133,Bacteria,Firmicutes,Clostridia,Oscillospirales,Oscillospiraceae,na
Otu1336,Bacteria,Firmicutes,Clostridia,na,na,na
Otu134,Bacteria,Firmicutes,Negativicutes,Veillonellales-Selenomonadales,Veillonellaceae,Dialister
Otu1346,Unclassified,na,na,na,na,na
Otu1357,Unclassified,na,na,na,na,na
Otu136,Bacteria,Bacteroidota,Bacteroidia,Bacteroidales,Muribaculaceae,na
Otu137,Bacteria,Firmicutes,Clostridia,Oscillospirales,Oscillospiraceae,UCG-002
Otu138,Bacteria,Actinobacteriota,Coriobacteriia,Coriobacteriales,Coriobacteriales Incertae Sedis,uncultured
Otu1381,Bacteria,Firmicutes,Bacilli,RF39,na,na
Otu139,Bacteria,Firmicutes,Clostridia,Monoglobales,Monoglobaceae,Monoglobus
Otu1390,Bacteria,Firmicutes,Clostridia,Lachnospirales,Lachnospiraceae,na
Otu1397,Unclassified,na,na,na,na,na
Otu14,Bacteria,Firmicutes,Clostridia,Lachnospirales,Lachnospiraceae,na
Otu140,Bacteria,Firmicutes,Clostridia,Clostridia UCG-014,na,na
Otu1406,Unclassified,na,na,na,na,na
Otu1407,Bacteria,Firmicutes,Clostridia,Oscillospirales,Ruminococcaceae,Ruminococcus
Otu141,Bacteria,Firmicutes,Clostridia,Oscillospirales,Butyricicoccaceae,Butyricicoccus
Otu1415,Bacteria,Firmicutes,Clostridia,Lachnospirales,Lachnospiraceae,na
Otu142,Bacteria,Firmicutes,Clostridia,Clostridiales,Clostridiaceae,Clostridium sensu stricto 1
Otu1420,Unclassified,na,na,na,na,na
Otu1424,Unclassified,na,na,na,na,na
Otu1429,Bacteria,Firmicutes,Clostridia,Oscillospirales,Ruminococcaceae,Caproiciproducens
Otu143,Bacteria,Bacteroidota,Bacteroidia,Bacteroidales,Barnesiellaceae,Coprobacter
Otu1439,Unclassified,na,na,na,na,na
Otu1448,Bacteria,Firmicutes,Clostridia,Oscillospirales,Ruminococcaceae,Ruminococcus
Otu145,Bacteria,Firmicutes,Bacilli,Erysipelotrichales,Erysipelotrichaceae,Faecalitalea
Otu146,Bacteria,Firmicutes,Clostridia,Lachnospirales,Lachnospiraceae,na
Otu1464,Bacteria,Actinobacteriota,Coriobacteriia,OPB41,na,na
Otu1467,Bacteria,Firmicutes,Clostridia,Oscillospirales,na,na
Otu147,Bacteria,Firmicutes,Clostridia,Clostridia UCG-014,na,na
Otu1474,Bacteria,Firmicutes,na,na,na,na
Otu1476,Unclassified,na,na,na,na,na
Otu148,Bacteria,Firmicutes,Clostridia,Oscillospirales,[Eubacterium] coprostanoligenes group,na
Otu1480,Unclassified,na,na,na,na,na
Otu15,Bacteria,Firmicutes,Negativicutes,Acidaminococcales,Acidaminococcaceae,Phascolarctobacterium
Otu150,Bacteria,Firmicutes,Clostridia,Oscillospirales,Oscillospiraceae,uncultured
Otu151,Bacteria,Bacteroidota,Bacteroidia,Bacteroidales,Rikenellaceae,Alistipes
Otu1515,Unclassified,na,na,na,na,na
Otu152,Bacteria,Firmicutes,Clostridia,Christensenellales,Christensenellaceae,Christensenellaceae R-7 group
Otu1522,Bacteria,Firmicutes,Clostridia,Lachnospirales,Lachnospiraceae,na
Otu1523,Unclassified,na,na,na,na,na
Otu1524,Unclassified,na,na,na,na,na
Otu1525,Unclassified,na,na,na,na,na
Otu1527,Bacteria,Firmicutes,Clostridia,na,na,na
Otu153,Bacteria,Firmicutes,Clostridia,Oscillospirales,Oscillospiraceae,UCG-005
Otu1534,Unclassified,na,na,na,na,na
Otu1536,Unclassified,na,na,na,na,na
Otu154,Bacteria,Firmicutes,Clostridia,Oscillospirales,Oscillospiraceae,Colidextribacter
Otu1543,Unclassified,na,na,na,na,na
Otu155,Bacteria,Firmicutes,Bacilli,Erysipelotrichales,Erysipelotrichaceae,[Clostridium] innocuum group
Otu1552,Unclassified,na,na,na,na,na
Otu1560,Bacteria,Firmicutes,Clostridia,na,na,na
Otu157,Bacteria,Firmicutes,Clostridia,Oscillospirales,Ruminococcaceae,uncultured
Otu1577,Bacteria,Firmicutes,Clostridia,Lachnospirales,Lachnospiraceae,na
Otu158,Bacteria,Firmicutes,Clostridia,Oscillospirales,Oscillospiraceae,uncultured
Otu159,Bacteria,Actinobacteriota,Coriobacteriia,Coriobacteriales,Eggerthellaceae,Eggerthella
Otu1592,Unclassified,na,na,na,na,na
Otu16,Bacteria,Firmicutes,Clostridia,Lachnospirales,Lachnospiraceae,na
Otu160,Bacteria,Firmicutes,Clostridia,Lachnospirales,Lachnospiraceae,Blautia
Otu1600,Bacteria,Firmicutes,Clostridia,Oscillospirales,na,na
Otu1604,Bacteria,Actinobacteriota,Actinobacteria,Bifidobacteriales,Bifidobacteriaceae,Bifidobacterium
Otu1607,Bacteria,Firmicutes,Clostridia,Oscillospirales,Ruminococcaceae,na
Otu161,Bacteria,Firmicutes,Negativicutes,Veillonellales-Selenomonadales,na,na
Otu162,Bacteria,Firmicutes,Clostridia,Oscillospirales,na,na
Otu1621,Unclassified,na,na,na,na,na
Otu1622,Unclassified,na,na,na,na,na
Otu1628,Unclassified,na,na,na,na,na
Otu1629,Unclassified,na,na,na,na,na
Otu163,Bacteria,Firmicutes,Bacilli,Erysipelotrichales,Erysipelotrichaceae,Faecalibaculum
Otu164,Bacteria,Firmicutes,Clostridia,Lachnospirales,Lachnospiraceae,na
Otu165,Bacteria,Firmicutes,Clostridia,Lachnospirales,Lachnospiraceae,Butyrivibrio
Otu1653,Unclassified,na,na,na,na,na
Otu1658,Bacteria,Bacteroidota,Bacteroidia,Bacteroidales,Barnesiellaceae,Barnesiella
Otu1659,Unclassified,na,na,na,na,na
Otu166,Bacteria,Firmicutes,Clostridia,Oscillospirales,Oscillospiraceae,na
Otu1669,Bacteria,Firmicutes,Clostridia,Lachnospirales,Lachnospiraceae,na
Otu1676,Bacteria,Firmicutes,Clostridia,Lachnospirales,Lachnospiraceae,na
Otu1678,Unclassified,na,na,na,na,na
Otu169,Bacteria,Bacteroidota,Bacteroidia,Bacteroidales,Muribaculaceae,na
Otu1690,Bacteria,Firmicutes,Clostridia,na,na,na
Otu17,Bacteria,Firmicutes,Clostridia,Lachnospirales,Lachnospiraceae,na
Otu170,Bacteria,Firmicutes,Clostridia,Lachnospirales,Lachnospiraceae,Blautia
Otu1701,Bacteria,Firmicutes,Clostridia,Lachnospirales,Lachnospiraceae,Blautia
Otu1705,Unclassified,na,na,na,na,na
Otu171,Bacteria,Firmicutes,Clostridia,Lachnospirales,Lachnospiraceae,na
Otu1718,Bacteria,Firmicutes,Clostridia,na,na,na
Otu172,Bacteria,Bacteroidota,Bacteroidia,Bacteroidales,Marinifilaceae,Butyricimonas
Otu1722,Bacteria,Firmicutes,Clostridia,Oscillospirales,Ruminococcaceae,na
Otu1724,Bacteria,Firmicutes,Clostridia,Lachnospirales,Lachnospiraceae,Dorea
Otu1725,Bacteria,Firmicutes,Clostridia,Oscillospirales,Ruminococcaceae,Faecalibacterium
Otu1726,Unclassified,na,na,na,na,na
Otu1729,Unclassified,na,na,na,na,na
Otu173,Bacteria,Firmicutes,Bacilli,Lactobacillales,na,na
Otu1734,Unclassified,na,na,na,na,na
Otu1735,Unclassified,na,na,na,na,na
Otu1739,Bacteria,Actinobacteriota,Actinobacteria,Bifidobacteriales,Bifidobacteriaceae,Bifidobacterium
Otu174,Bacteria,Firmicutes,Bacilli,Lactobacillales,Lactobacillaceae,Ligilactobacillus
Otu1746,Unclassified,na,na,na,na,na
Otu1749,Bacteria,Firmicutes,Clostridia,na,na,na
Otu175,Bacteria,Actinobacteriota,Actinobacteria,Actinomycetales,Actinomycetaceae,Actinomyces
Otu176,Bacteria,Firmicutes,Clostridia,Oscillospirales,Ruminococcaceae,Anaerotruncus
Otu1760,Unclassified,na,na,na,na,na
Otu1769,Bacteria,Firmicutes,Clostridia,Lachnospirales,Lachnospiraceae,na
Otu177,Bacteria,Firmicutes,Clostridia,Lachnospirales,Lachnospiraceae,uncultured
Otu178,Bacteria,Firmicutes,Clostridia,Lachnospirales,Lachnospiraceae,na
Otu179,Bacteria,Firmicutes,Clostridia,Oscillospirales,Ruminococcaceae,Ruminococcus
Otu1797,Unclassified,na,na,na,na,na
Otu18,Bacteria,Bacteroidota,Bacteroidia,Bacteroidales,Bacteroidaceae,Bacteroides
Otu180,Bacteria,Firmicutes,Bacilli,Lactobacillales,Streptococcaceae,Streptococcus
Otu1801,Unclassified,na,na,na,na,na
Otu1808,Unclassified,na,na,na,na,na
Otu181,Bacteria,Firmicutes,Clostridia,Clostridia UCG-014,na,na
Otu1810,Bacteria,Firmicutes,Clostridia,Oscillospirales,Ruminococcaceae,Subdoligranulum
Otu182,Bacteria,Actinobacteriota,Coriobacteriia,Coriobacteriales,Eggerthellaceae,Eggerthella
Otu183,Bacteria,Firmicutes,Clostridia,Peptostreptococcales-Tissierellales,Peptostreptococcaceae,Intestinibacter
Otu1831,Bacteria,Firmicutes,Clostridia,na,na,na
Otu1838,Bacteria,Firmicutes,Clostridia,Christensenellales,Christensenellaceae,na
Otu184,Bacteria,Firmicutes,Clostridia,Oscillospirales,Ruminococcaceae,na
Otu1841,Unclassified,na,na,na,na,na
Otu185,Bacteria,Bacteroidota,Bacteroidia,Bacteroidales,Marinifilaceae,Butyricimonas
Otu1855,Bacteria,Firmicutes,Clostridia,Lachnospirales,Lachnospiraceae,uncultured
Otu186,Bacteria,Firmicutes,Clostridia,Lachnospirales,Lachnospiraceae,na
Otu1860,Bacteria,Firmicutes,Clostridia,Lachnospirales,Lachnospiraceae,na
Otu1861,Bacteria,Firmicutes,Clostridia,Lachnospirales,Lachnospiraceae,Blautia
Otu1863,Unclassified,na,na,na,na,na
Otu1869,Bacteria,Firmicutes,Clostridia,Lachnospirales,Lachnospiraceae,na
Otu187,Bacteria,Firmicutes,Clostridia,Clostridia UCG-014,na,na
Otu188,Bacteria,Firmicutes,Clostridia,Lachnospirales,Lachnospiraceae,Lachnoclostridium
Otu1885,Bacteria,Firmicutes,Clostridia,Oscillospirales,Oscillospiraceae,na
Otu1888,Unclassified,na,na,na,na,na
Otu19,Bacteria,Proteobacteria,Gammaproteobacteria,Enterobacterales,Enterobacteriaceae,na
Otu1901,Unclassified,na,na,na,na,na
Otu1902,Bacteria,Firmicutes,Clostridia,Lachnospirales,Lachnospiraceae,na
Otu1904,Bacteria,Firmicutes,Clostridia,Lachnospirales,Lachnospiraceae,na
Otu191,Bacteria,Bacteroidota,Bacteroidia,Bacteroidales,Muribaculaceae,na
Otu1921,Unclassified,na,na,na,na,na
Otu1927,Unclassified,na,na,na,na,na
Otu193,Bacteria,Firmicutes,Clostridia,Monoglobales,Monoglobaceae,Monoglobus
Otu1931,Unclassified,na,na,na,na,na
Otu194,Bacteria,Firmicutes,Clostridia,Oscillospirales,Ruminococcaceae,Negativibacillus
Otu195,Bacteria,Firmicutes,Clostridia,Oscillospirales,Ruminococcaceae,Incertae Sedis
Otu1950,Unclassified,na,na,na,na,na
Otu196,Bacteria,Bacteroidota,Bacteroidia,Bacteroidales,Marinifilaceae,Butyricimonas
Otu1960,Bacteria,Firmicutes,Clostridia,Lachnospirales,Lachnospiraceae,Agathobacter
Otu1974,Unclassified,na,na,na,na,na
Otu1979,Bacteria,Firmicutes,Bacilli,Erysipelotrichales,Erysipelatoclostridiaceae,na
Otu198,Bacteria,Desulfobacterota,Desulfovibrionia,Desulfovibrionales,Desulfovibrionaceae,uncultured
Otu199,Bacteria,Firmicutes,Clostridia,Oscillospirales,Oscillospiraceae,na
Otu1995,Unclassified,na,na,na,na,na
Otu1997,Bacteria,Firmicutes,Clostridia,Lachnospirales,Lachnospiraceae,na
Otu2,Bacteria,Firmicutes,Clostridia,Oscillospirales,Ruminococcaceae,Faecalibacterium
Otu20,Bacteria,Firmicutes,Bacilli,Erysipelotrichales,Erysipelatoclostridiaceae,Erysipelotrichaceae UCG-003
Otu2005,Unclassified,na,na,na,na,na
Otu201,Bacteria,Firmicutes,Bacilli,Lactobacillales,Lactobacillaceae,Ligilactobacillus
Otu203,Bacteria,Firmicutes,Clostridia,Lachnospirales,Lachnospiraceae,na
Otu2039,Bacteria,Firmicutes,Clostridia,Lachnospirales,Lachnospiraceae,na
Otu2040,Bacteria,Firmicutes,Clostridia,Oscillospirales,Ruminococcaceae,Faecalibacterium
Otu2043,Unclassified,na,na,na,na,na
Otu2046,Unclassified,na,na,na,na,na
Otu2049,Bacteria,Firmicutes,Clostridia,Lachnospirales,Lachnospiraceae,na
Otu205,Bacteria,Firmicutes,Clostridia,Peptostreptococcales-Tissierellales,Anaerovoracaceae,na
Otu2059,Unclassified,na,na,na,na,na
Otu206,Bacteria,Firmicutes,Clostridia,Oscillospirales,Oscillospiraceae,uncultured
Otu2060,Bacteria,Bacteroidota,Bacteroidia,Bacteroidales,Bacteroidaceae,Bacteroides
Otu2068,Unclassified,na,na,na,na,na
Otu2086,Bacteria,Firmicutes,Clostridia,Oscillospirales,Ruminococcaceae,Ruminococcus
Otu209,Bacteria,Bacteroidota,Bacteroidia,Bacteroidales,Bacteroidaceae,Bacteroides
Otu21,Bacteria,Actinobacteriota,Coriobacteriia,Coriobacteriales,Coriobacteriaceae,Collinsella
Otu2111,Bacteria,Firmicutes,Clostridia,Lachnospirales,Lachnospiraceae,na
Otu2112,Bacteria,Firmicutes,Clostridia,Lachnospirales,Lachnospiraceae,na
Otu2113,Unclassified,na,na,na,na,na
Otu2114,Bacteria,Firmicutes,Clostridia,na,na,na
Otu212,Bacteria,Firmicutes,Clostridia,Peptostreptococcales-Tissierellales,Anaerovoracaceae,na
Otu214,Bacteria,Bacteroidota,Bacteroidia,Bacteroidales,Muribaculaceae,na
Otu215,Bacteria,Firmicutes,Clostridia,Christensenellales,Christensenellaceae,Christensenellaceae R-7 group
Otu2155,Unclassified,na,na,na,na,na
Otu216,Bacteria,Firmicutes,Clostridia,Lachnospirales,Lachnospiraceae,na
Otu2163,Unclassified,na,na,na,na,na
Otu2167,Bacteria,Firmicutes,Clostridia,Oscillospirales,[Eubacterium] coprostanoligenes group,na
Otu217,Bacteria,Firmicutes,Bacilli,Erysipelotrichales,Erysipelatoclostridiaceae,na
Otu2173,Bacteria,Firmicutes,Clostridia,na,na,na
Otu218,Bacteria,Bacteroidota,Bacteroidia,Bacteroidales,Marinifilaceae,Odoribacter
Otu2182,Unclassified,na,na,na,na,na
Otu219,Bacteria,Firmicutes,Clostridia,Oscillospirales,Ruminococcaceae,na
Otu22,Bacteria,Firmicutes,Clostridia,Oscillospirales,[Eubacterium] coprostanoligenes group,na
Otu220,Bacteria,Firmicutes,Bacilli,Erysipelotrichales,Erysipelotrichaceae,Faecalitalea
Otu221,Bacteria,Firmicutes,Clostridia,Lachnospirales,Lachnospiraceae,na
Otu2210,Unclassified,na,na,na,na,na
Otu2215,Bacteria,Firmicutes,Clostridia,Oscillospirales,na,na
Otu2227,Unclassified,na,na,na,na,na
Otu223,Bacteria,Firmicutes,Bacilli,Lactobacillales,Lactobacillaceae,Pediococcus
Otu2232,Bacteria,Firmicutes,Clostridia,Lachnospirales,Lachnospiraceae,na
Otu2233,Unclassified,na,na,na,na,na
Otu224,Bacteria,Cyanobacteria,Cyanobacteriia,Chloroplast,na,na
Otu2245,Unclassified,na,na,na,na,na
Otu225,Bacteria,Firmicutes,Clostridia,Lachnospirales,Lachnospiraceae,na
Otu2259,Unclassified,na,na,na,na,na
Otu226,Bacteria,Firmicutes,Bacilli,Erysipelotrichales,Erysipelotrichaceae,Turicibacter
Otu2260,Unclassified,na,na,na,na,na
Otu2263,Bacteria,Firmicutes,Clostridia,Oscillospirales,[Eubacterium] coprostanoligenes group,na
Otu227,Bacteria,Firmicutes,Clostridia,Lachnospirales,Lachnospiraceae,Lachnoclostridium
Otu2294,Bacteria,Firmicutes,Clostridia,Lachnospirales,Lachnospiraceae,Lachnospiraceae UCG-004
Otu23,Bacteria,Firmicutes,Clostridia,Lachnospirales,Lachnospiraceae,na
Otu230,Bacteria,Firmicutes,Clostridia,Lachnospirales,Lachnospiraceae,na
Otu231,Bacteria,Firmicutes,Bacilli,Erysipelotrichales,Erysipelatoclostridiaceae,na
Otu2312,Bacteria,Firmicutes,Clostridia,Lachnospirales,Lachnospiraceae,na
Otu232,Bacteria,Firmicutes,Clostridia,na,na,na
Otu233,Bacteria,Firmicutes,Negativicutes,Veillonellales-Selenomonadales,na,na
Otu234,Bacteria,Firmicutes,Clostridia,Lachnospirales,Lachnospiraceae,na
Otu2344,Bacteria,Firmicutes,Clostridia,Lachnospirales,Lachnospiraceae,na
Otu2350,Unclassified,na,na,na,na,na
Otu2353,Bacteria,Firmicutes,Clostridia,Lachnospirales,Lachnospiraceae,na
Otu236,Bacteria,Firmicutes,Clostridia,Oscillospirales,Ruminococcaceae,uncultured
Otu2374,Unclassified,na,na,na,na,na
Otu238,Bacteria,Firmicutes,Clostridia,Oscillospirales,Ruminococcaceae,Incertae Sedis
Otu239,Bacteria,Firmicutes,Clostridia,Lachnospirales,Lachnospiraceae,na
Otu2394,Bacteria,Firmicutes,Clostridia,na,na,na
Otu24,Bacteria,Firmicutes,Clostridia,Lachnospirales,Lachnospiraceae,Anaerostipes
Otu241,Bacteria,Firmicutes,Clostridia,Clostridiales,Clostridiaceae,Clostridium sensu stricto 1
Otu242,Bacteria,Firmicutes,Clostridia,na,na,na
Otu243,Bacteria,Firmicutes,Clostridia,Clostridia UCG-014,na,na
Otu2437,Unclassified,na,na,na,na,na
Otu244,Bacteria,Firmicutes,Clostridia,Clostridia UCG-014,na,na
Otu245,Bacteria,Actinobacteriota,Coriobacteriia,Coriobacteriales,Eggerthellaceae,uncultured
Otu247,Bacteria,Firmicutes,Bacilli,Lactobacillales,Lactobacillaceae,Lactobacillus
Otu249,Bacteria,Firmicutes,Bacilli,Lactobacillales,Streptococcaceae,Streptococcus
Otu2498,Bacteria,Actinobacteriota,Coriobacteriia,Coriobacteriales,Coriobacteriaceae,Collinsella
Otu25,Bacteria,Bacteroidota,Bacteroidia,Bacteroidales,Bacteroidaceae,Bacteroides
Otu250,Bacteria,Firmicutes,Clostridia,Oscillospirales,Ruminococcaceae,UBA1819
Otu2501,Bacteria,Firmicutes,Clostridia,na,na,na
Otu2502,Bacteria,Firmicutes,Clostridia,Oscillospirales,na,na
Otu251,Bacteria,Firmicutes,Clostridia,Oscillospirales,[Eubacterium] coprostanoligenes group,na
Otu252,Bacteria,Firmicutes,Clostridia,Oscillospirales,Ruminococcaceae,uncultured
Otu2525,Bacteria,Firmicutes,Clostridia,Lachnospirales,Lachnospiraceae,na
Otu253,Bacteria,Firmicutes,Clostridia,na,na,na
Otu254,Bacteria,Firmicutes,Bacilli,Erysipelotrichales,Erysipelotrichaceae,na
Otu255,Bacteria,Firmicutes,Clostridia,Lachnospirales,Lachnospiraceae,uncultured
Otu256,Bacteria,Firmicutes,Clostridia,Oscillospirales,Oscillospiraceae,na
Otu2573,Bacteria,Firmicutes,Clostridia,na,na,na
Otu258,Bacteria,Firmicutes,na,na,na,na
Otu259,Bacteria,Firmicutes,Clostridia,Peptostreptococcales-Tissierellales,Anaerovoracaceae,Mogibacterium
Otu2598,Unclassified,na,na,na,na,na
Otu26,Bacteria,Firmicutes,Clostridia,Oscillospirales,Ruminococcaceae,Faecalibacterium
Otu260,Bacteria,Firmicutes,Clostridia,Oscillospirales,[Eubacterium] coprostanoligenes group,na
Otu2606,Bacteria,Firmicutes,Clostridia,Lachnospirales,Lachnospiraceae,Agathobacter
Otu261,Bacteria,Firmicutes,Clostridia,Oscillospirales,Ruminococcaceae,na
Otu262,Bacteria,Firmicutes,Clostridia,Oscillospirales,UCG-010,na
Otu2623,Bacteria,Firmicutes,Clostridia,Lachnospirales,Lachnospiraceae,na
Otu2628,Bacteria,Bacteroidota,Bacteroidia,Cytophagales,Microscillaceae,na
Otu263,Bacteria,Proteobacteria,Gammaproteobacteria,Burkholderiales,Sutterellaceae,Sutterella
Otu264,Unclassified,na,na,na,na,na
Otu265,Bacteria,Firmicutes,Clostridia,Oscillospirales,UCG-010,na
Otu2655,Unclassified,na,na,na,na,na
Otu2656,Unclassified,na,na,na,na,na
Otu2657,Bacteria,Firmicutes,Clostridia,Oscillospirales,Ruminococcaceae,Ruminococcus
Otu2660,Bacteria,Firmicutes,Clostridia,Lachnospirales,Lachnospiraceae,na
Otu2661,Unclassified,na,na,na,na,na
Otu2668,Bacteria,Firmicutes,Clostridia,na,na,na
Otu2670,Bacteria,Bacteroidota,Bacteroidia,Bacteroidales,Bacteroidaceae,Bacteroides
Otu2674,Bacteria,Firmicutes,Clostridia,Lachnospirales,Lachnospiraceae,na
Otu268,Bacteria,Firmicutes,Clostridia,Oscillospirales,Oscillospiraceae,UCG-005
Otu269,Bacteria,Firmicutes,Clostridia,Lachnospirales,Lachnospiraceae,na
Otu27,Bacteria,Bacteroidota,Bacteroidia,Bacteroidales,Rikenellaceae,Alistipes
Otu270,Bacteria,Firmicutes,Clostridia,Oscillospirales,Oscillospiraceae,na
Otu2708,Unclassified,na,na,na,na,na
Otu271,Bacteria,Firmicutes,Clostridia,Clostridia vadinBB60 group,na,na
Otu272,Bacteria,Firmicutes,Clostridia,Lachnospirales,Lachnospiraceae,na
Otu273,Bacteria,Firmicutes,Clostridia,Lachnospirales,Lachnospiraceae,na
Otu274,Bacteria,Firmicutes,Bacilli,Lactobacillales,Streptococcaceae,Lactococcus
Otu2743,Bacteria,Firmicutes,Clostridia,Lachnospirales,Lachnospiraceae,Blautia
Otu2763,Bacteria,Firmicutes,Clostridia,Lachnospirales,Lachnospiraceae,na
Otu277,Bacteria,Firmicutes,Clostridia,na,na,na
Otu278,Bacteria,Firmicutes,Bacilli,RF39,na,na
Otu2783,Bacteria,Firmicutes,Clostridia,Lachnospirales,Lachnospiraceae,na
Otu279,Bacteria,Firmicutes,Clostridia,Peptostreptococcales-Tissierellales,Anaerovoracaceae,Family XIII AD3011 group
Otu28,Bacteria,Firmicutes,Clostridia,Oscillospirales,Ruminococcaceae,Subdoligranulum
Otu280,Bacteria,Firmicutes,Clostridia,Oscillospirales,[Eubacterium] coprostanoligenes group,na
Otu2802,Bacteria,Firmicutes,Clostridia,Lachnospirales,Lachnospiraceae,na
Otu2806,Unclassified,na,na,na,na,na
Otu281,Bacteria,Firmicutes,Clostridia,Oscillospirales,Ruminococcaceae,Candidatus Soleaferrea
Otu2819,Unclassified,na,na,na,na,na
Otu2829,Bacteria,Firmicutes,Clostridia,Lachnospirales,Lachnospiraceae,na
Otu285,Bacteria,Firmicutes,Clostridia,na,na,na
Otu2857,Bacteria,na,na,na,na,na
Otu286,Bacteria,Firmicutes,Clostridia,Oscillospirales,Oscillospiraceae,Oscillibacter
Otu2861,Bacteria,Firmicutes,Clostridia,Lachnospirales,Lachnospiraceae,Roseburia
Otu288,Bacteria,Firmicutes,Clostridia,Christensenellales,Christensenellaceae,Christensenellaceae R-7 group
Otu29,Bacteria,Firmicutes,Clostridia,Lachnospirales,Lachnospiraceae,[Eubacterium] eligens group
Otu290,Unclassified,na,na,na,na,na
Otu2901,Bacteria,Firmicutes,Bacilli,Bacillales,Bacillaceae,na
Otu2917,Bacteria,Firmicutes,Clostridia,Lachnospirales,Lachnospiraceae,na
Otu292,Bacteria,Firmicutes,Clostridia,Oscillospirales,Ruminococcaceae,na
Otu293,Bacteria,Firmicutes,Clostridia,Lachnospirales,Lachnospiraceae,na
Otu2938,Bacteria,Firmicutes,Clostridia,Oscillospirales,na,na
Otu294,Bacteria,Firmicutes,Clostridia,Lachnospirales,Lachnospiraceae,uncultured
Otu296,Bacteria,Actinobacteriota,Coriobacteriia,Coriobacteriales,Coriobacteriaceae,Collinsella
Otu2965,Bacteria,Firmicutes,Clostridia,na,na,na
Otu2981,Bacteria,Firmicutes,Clostridia,Lachnospirales,Lachnospiraceae,na
Otu2985,Bacteria,Firmicutes,Clostridia,na,na,na
Otu2997,Bacteria,Firmicutes,Clostridia,Lachnospirales,Lachnospiraceae,na
Otu3,Bacteria,Bacteroidota,Bacteroidia,Bacteroidales,Bacteroidaceae,Bacteroides
Otu30,Bacteria,Firmicutes,Clostridia,Lachnospirales,Lachnospiraceae,Blautia
Otu300,Bacteria,Firmicutes,Clostridia,Clostridiales,Clostridiaceae,Clostridium sensu stricto 1
Otu3000,Bacteria,Firmicutes,Clostridia,Oscillospirales,Ruminococcaceae,na
Otu3004,Bacteria,Firmicutes,Clostridia,Lachnospirales,Lachnospiraceae,na
Otu3009,Bacteria,Actinobacteriota,Actinobacteria,Bifidobacteriales,Bifidobacteriaceae,Bifidobacterium
Otu301,Bacteria,Firmicutes,Clostridia,Oscillospirales,Oscillospiraceae,na
Otu3024,Bacteria,Firmicutes,Clostridia,Oscillospirales,Ruminococcaceae,na
Otu3034,Bacteria,Firmicutes,Clostridia,Lachnospirales,Lachnospiraceae,na
Otu304,Bacteria,Actinobacteriota,Coriobacteriia,Coriobacteriales,Eggerthellaceae,na
Otu3045,Bacteria,Bacteroidota,Bacteroidia,Bacteroidales,Bacteroidaceae,Bacteroides
Otu305,Bacteria,Firmicutes,Clostridia,Peptostreptococcales-Tissierellales,Anaerovoracaceae,na
Otu3059,Bacteria,Firmicutes,Clostridia,Lachnospirales,Lachnospiraceae,na
Otu3066,Bacteria,Firmicutes,Clostridia,Lachnospirales,Lachnospiraceae,na
Otu3069,Bacteria,Firmicutes,Clostridia,Oscillospirales,Ruminococcaceae,na
Otu3082,Bacteria,Firmicutes,Clostridia,Lachnospirales,Lachnospiraceae,na
Otu3089,Bacteria,Bacteroidota,Bacteroidia,Bacteroidales,Bacteroidaceae,Bacteroides
Otu309,Bacteria,Firmicutes,Clostridia,Christensenellales,Christensenellaceae,Christensenellaceae R-7 group
Otu3094,Bacteria,Firmicutes,Clostridia,Lachnospirales,Lachnospiraceae,na
Otu3097,Bacteria,Bacteroidota,Bacteroidia,Bacteroidales,Bacteroidaceae,Bacteroides
Otu31,Archaea,Euryarchaeota,Methanobacteria,Methanobacteriales,Methanobacteriaceae,Methanobrevibacter
Otu310,Bacteria,Firmicutes,Clostridia,Lachnospirales,Lachnospiraceae,na
Otu311,Bacteria,Firmicutes,Clostridia,Oscillospirales,Ruminococcaceae,na
Otu3111,Unclassified,na,na,na,na,na
Otu3112,Unclassified,na,na,na,na,na
Otu3115,Unclassified,na,na,na,na,na
Otu3116,Unclassified,na,na,na,na,na
Otu3117,Bacteria,Firmicutes,Clostridia,Oscillospirales,Ruminococcaceae,Faecalibacterium
Otu312,Bacteria,Firmicutes,Clostridia,Peptostreptococcales-Tissierellales,Anaerovoracaceae,na
Otu3123,Bacteria,Firmicutes,Clostridia,Lachnospirales,Lachnospiraceae,FD2005
Otu313,Bacteria,Verrucomicrobiota,Lentisphaeria,Victivallales,Victivallaceae,Victivallis
Otu3130,Bacteria,Firmicutes,Clostridia,Lachnospirales,Lachnospiraceae,na
Otu3136,Bacteria,Firmicutes,Clostridia,Lachnospirales,Lachnospiraceae,na
Otu314,Bacteria,Firmicutes,Clostridia,Oscillospirales,Ruminococcaceae,na
Otu3144,Bacteria,Firmicutes,Clostridia,Lachnospirales,Lachnospiraceae,na
Otu3145,Unclassified,na,na,na,na,na
Otu3149,Bacteria,Firmicutes,Clostridia,Lachnospirales,Lachnospiraceae,na
Otu315,Bacteria,Firmicutes,Bacilli,Erysipelotrichales,Erysipelotrichaceae,na
Otu3158,Bacteria,Firmicutes,Clostridia,Lachnospirales,Lachnospiraceae,na
Otu316,Bacteria,Bacteroidota,Bacteroidia,Bacteroidales,Rikenellaceae,Alistipes
Otu3163,Bacteria,Bacteroidota,Bacteroidia,Bacteroidales,Bacteroidaceae,Bacteroides
Otu317,Bacteria,Bacteroidota,Bacteroidia,Bacteroidales,na,na
Otu3187,Bacteria,Firmicutes,Clostridia,Lachnospirales,Lachnospiraceae,na
Otu319,Bacteria,Firmicutes,Bacilli,Lactobacillales,Lactobacillaceae,Leuconostoc
Otu3191,Bacteria,Firmicutes,Clostridia,Lachnospirales,Lachnospiraceae,na
Otu32,Bacteria,Bacteroidota,Bacteroidia,Bacteroidales,Tannerellaceae,Parabacteroides
Otu320,Bacteria,Firmicutes,Clostridia,na,na,na
Otu3214,Bacteria,Firmicutes,Clostridia,Lachnospirales,Lachnospiraceae,na
Otu322,Bacteria,Firmicutes,Negativicutes,Acidaminococcales,Acidaminococcaceae,na
Otu3229,Bacteria,Firmicutes,Clostridia,Lachnospirales,Lachnospiraceae,na
Otu323,Bacteria,Firmicutes,Clostridia,na,na,na
Otu3231,Bacteria,Firmicutes,Clostridia,Lachnospirales,Lachnospiraceae,na
Otu3238,Bacteria,Firmicutes,Clostridia,Lachnospirales,Lachnospiraceae,na
Otu324,Bacteria,Firmicutes,Clostridia,Oscillospirales,Oscillospiraceae,na
Otu326,Bacteria,Firmicutes,Clostridia,Oscillospirales,na,na
Otu3264,Bacteria,Firmicutes,Clostridia,na,na,na
Otu327,Bacteria,Firmicutes,Clostridia,Christensenellales,Christensenellaceae,Christensenellaceae R-7 group
Otu3273,Bacteria,Firmicutes,Clostridia,Oscillospirales,Ruminococcaceae,na
Otu328,Bacteria,Firmicutes,Clostridia,Peptostreptococcales-Tissierellales,Anaerovoracaceae,na
Otu3286,Bacteria,Firmicutes,Clostridia,na,na,na
Otu329,Bacteria,Cyanobacteria,Cyanobacteriia,Chloroplast,na,na
Otu33,Bacteria,Bacteroidota,Bacteroidia,Bacteroidales,Rikenellaceae,Alistipes
Otu330,Bacteria,Firmicutes,Bacilli,Erysipelotrichales,Erysipelotrichaceae,Holdemanella
Otu3306,Bacteria,Firmicutes,Clostridia,Lachnospirales,Lachnospiraceae,na
Otu331,Bacteria,Firmicutes,Clostridia,Oscillospirales,Ruminococcaceae,uncultured
Otu3314,Bacteria,Firmicutes,Clostridia,Oscillospirales,Ruminococcaceae,Incertae Sedis
Otu3330,Unclassified,na,na,na,na,na
Otu338,Bacteria,Firmicutes,uncultured,na,na,na
Otu3380,Bacteria,Bacteroidota,Bacteroidia,Bacteroidales,Bacteroidaceae,Bacteroides
Otu339,Bacteria,Firmicutes,Clostridia,Christensenellales,Christensenellaceae,na
Otu3390,Bacteria,Firmicutes,Clostridia,na,na,na
Otu3394,Unclassified,na,na,na,na,na
Otu34,Bacteria,Firmicutes,Clostridia,Oscillospirales,Ruminococcaceae,Subdoligranulum
Otu3404,Bacteria,Firmicutes,Clostridia,na,na,na
Otu342,Bacteria,Proteobacteria,Alphaproteobacteria,Rhodospirillales,uncultured,na
Otu3424,Bacteria,Actinobacteriota,Actinobacteria,Bifidobacteriales,Bifidobacteriaceae,Bifidobacterium
Otu3425,Unclassified,na,na,na,na,na
Otu344,Bacteria,Firmicutes,Clostridia,Oscillospirales,Oscillospiraceae,uncultured
Otu346,Bacteria,Firmicutes,Clostridia,Christensenellales,Christensenellaceae,uncultured
Otu347,Bacteria,Firmicutes,Clostridia,Oscillospirales,Oscillospiraceae,na
Otu3477,Bacteria,Firmicutes,Clostridia,na,na,na
Otu348,Bacteria,Firmicutes,Bacilli,Erysipelotrichales,Erysipelotrichaceae,na
Otu3485,Bacteria,Firmicutes,Clostridia,Lachnospirales,Lachnospiraceae,na
Otu349,Bacteria,Firmicutes,Clostridia,Christensenellales,Christensenellaceae,Christensenellaceae R-7 group
Otu3494,Bacteria,Firmicutes,Clostridia,Oscillospirales,na,na
Otu35,Bacteria,Firmicutes,Clostridia,Lachnospirales,Lachnospiraceae,na
Otu350,Bacteria,Firmicutes,Clostridia,Peptostreptococcales-Tissierellales,Anaerovoracaceae,[Eubacterium] nodatum group
Otu351,Unclassified,na,na,na,na,na
Otu3514,Bacteria,Firmicutes,Clostridia,na,na,na
Otu3517,Bacteria,Firmicutes,Clostridia,Oscillospirales,Ruminococcaceae,Ruminococcus
Otu352,Bacteria,Firmicutes,Clostridia,Oscillospirales,Butyricicoccaceae,Butyricicoccus
Otu3525,Bacteria,Firmicutes,Clostridia,na,na,na
Otu353,Bacteria,Firmicutes,Clostridia,Oscillospirales,Ruminococcaceae,na
Otu3537,Bacteria,Firmicutes,Negativicutes,Veillonellales-Selenomonadales,Veillonellaceae,Megasphaera
Otu3538,Bacteria,Firmicutes,Clostridia,Lachnospirales,Lachnospiraceae,na
Otu354,Bacteria,Actinobacteriota,Coriobacteriia,Coriobacteriales,Eggerthellaceae,Slackia
Otu3540,Bacteria,Firmicutes,Clostridia,Lachnospirales,Lachnospiraceae,na
Otu3547,Bacteria,Firmicutes,Clostridia,Lachnospirales,Lachnospiraceae,na
Otu3559,Bacteria,Firmicutes,Clostridia,Lachnospirales,Lachnospiraceae,Lachnospiraceae NK4A136 group
Otu357,Bacteria,Firmicutes,Clostridia,Oscillospirales,Oscillospiraceae,NK4A214 group
Otu358,Bacteria,Firmicutes,Clostridia,Clostridia UCG-014,na,na
Otu3588,Unclassified,na,na,na,na,na
Otu3595,Bacteria,Firmicutes,Clostridia,Lachnospirales,Lachnospiraceae,na
Otu36,Bacteria,Bacteroidota,Bacteroidia,Bacteroidales,Bacteroidaceae,Bacteroides
Otu362,Bacteria,Firmicutes,Clostridia,Peptostreptococcales-Tissierellales,Anaerovoracaceae,Family XIII AD3011 group
Otu3622,Bacteria,Firmicutes,Clostridia,na,na,na
Otu363,Bacteria,Firmicutes,Clostridia,na,na,na
Otu3639,Bacteria,Firmicutes,Clostridia,Oscillospirales,Ruminococcaceae,na
Otu364,Bacteria,Firmicutes,Clostridia,Peptostreptococcales-Tissierellales,Anaerovoracaceae,Family XIII AD3011 group
Otu365,Bacteria,Firmicutes,Bacilli,RF39,na,na
Otu3650,Bacteria,Firmicutes,Clostridia,Lachnospirales,Lachnospiraceae,na
Otu366,Bacteria,Firmicutes,Clostridia,Lachnospirales,na,na
Otu3671,Bacteria,Firmicutes,Clostridia,Lachnospirales,Lachnospiraceae,na
Otu3683,Bacteria,Firmicutes,Clostridia,Oscillospirales,Ruminococcaceae,Ruminococcus
Otu3688,Bacteria,Firmicutes,Clostridia,Lachnospirales,Lachnospiraceae,na
Otu369,Bacteria,Firmicutes,Clostridia,Lachnospirales,Lachnospiraceae,na
Otu37,Bacteria,Bacteroidota,Bacteroidia,Bacteroidales,Bacteroidaceae,Bacteroides
Otu3703,Bacteria,Firmicutes,Clostridia,Peptostreptococcales-Tissierellales,Peptostreptococcaceae,Terrisporobacter
Otu3704,Unclassified,na,na,na,na,na
Otu371,Bacteria,Firmicutes,Clostridia,na,na,na
Otu3714,Bacteria,Firmicutes,Clostridia,Lachnospirales,Lachnospiraceae,Blautia
Otu372,Bacteria,Firmicutes,Clostridia,na,na,na
Otu373,Bacteria,Firmicutes,Clostridia,na,na,na
Otu3738,Bacteria,Firmicutes,Clostridia,Oscillospirales,Ruminococcaceae,Incertae Sedis
Otu374,Bacteria,Bacteroidota,Bacteroidia,Bacteroidales,Prevotellaceae,na
Otu375,Bacteria,Firmicutes,Clostridia,Lachnospirales,Lachnospiraceae,na
Otu3751,Bacteria,Firmicutes,Clostridia,Lachnospirales,Lachnospiraceae,na
Otu3754,Bacteria,Firmicutes,Clostridia,Oscillospirales,na,na
Otu376,Bacteria,Firmicutes,Bacilli,RF39,na,na
Otu3760,Bacteria,Firmicutes,Clostridia,Lachnospirales,Lachnospiraceae,na
Otu3764,Bacteria,Firmicutes,Clostridia,na,na,na
Otu3767,Bacteria,Firmicutes,Clostridia,Lachnospirales,Lachnospiraceae,na
Otu378,Bacteria,Firmicutes,Clostridia,Lachnospirales,Lachnospiraceae,na
Otu379,Bacteria,Firmicutes,Bacilli,Lactobacillales,Lactobacillaceae,na
Otu3793,Bacteria,Firmicutes,Clostridia,Lachnospirales,Lachnospiraceae,na
Otu3794,Bacteria,Firmicutes,Clostridia,Lachnospirales,Lachnospiraceae,na
Otu38,Bacteria,Bacteroidota,Bacteroidia,Bacteroidales,Bacteroidaceae,Bacteroides
Otu380,Bacteria,Firmicutes,Clostridia,na,na,na
Otu381,Bacteria,Firmicutes,Clostridia,Clostridia UCG-014,na,na
Otu382,Bacteria,Proteobacteria,Gammaproteobacteria,Burkholderiales,Sutterellaceae,Sutterella
Otu383,Bacteria,Actinobacteriota,Actinobacteria,na,na,na
Otu384,Bacteria,Firmicutes,Clostridia,Lachnospirales,Lachnospiraceae,na
Otu385,Unclassified,na,na,na,na,na
Otu386,Bacteria,Firmicutes,Clostridia,na,na,na
Otu3865,Bacteria,Firmicutes,Clostridia,Lachnospirales,Lachnospiraceae,na
Otu3873,Bacteria,Firmicutes,Clostridia,na,na,na
Otu3878,Bacteria,Bacteroidota,Bacteroidia,Bacteroidales,Bacteroidaceae,Bacteroides
Otu388,Bacteria,Firmicutes,Clostridia,Lachnospirales,Lachnospiraceae,Lachnospiraceae NK4A136 group
Otu39,Bacteria,Synergistota,Synergistia,Synergistales,Synergistaceae,Cloacibacillus
Otu390,Bacteria,Firmicutes,Clostridia,Oscillospirales,na,na
Otu3907,Bacteria,Firmicutes,Clostridia,Lachnospirales,Lachnospiraceae,Blautia
Otu391,Bacteria,Firmicutes,Clostridia,Christensenellales,Christensenellaceae,uncultured
Otu3910,Bacteria,Bacteroidota,Bacteroidia,Bacteroidales,Bacteroidaceae,Bacteroides
Otu392,Bacteria,Bacteroidota,Bacteroidia,Bacteroidales,Rikenellaceae,Alistipes
Otu393,Bacteria,Firmicutes,Clostridia,Lachnospirales,Lachnospiraceae,na
Otu394,Bacteria,Firmicutes,Bacilli,Erysipelotrichales,Erysipelotrichaceae,na
Otu395,Bacteria,Proteobacteria,Gammaproteobacteria,Enterobacterales,Morganellaceae,Proteus
Otu396,Bacteria,Firmicutes,Clostridia,Oscillospirales,Ruminococcaceae,na
Otu397,Unclassified,na,na,na,na,na
Otu4,Bacteria,Firmicutes,Clostridia,Oscillospirales,Ruminococcaceae,Ruminococcus
Otu40,Bacteria,Bacteroidota,Bacteroidia,Bacteroidales,Tannerellaceae,Parabacteroides
Otu400,Bacteria,Actinobacteriota,Coriobacteriia,Coriobacteriales,Eggerthellaceae,na
Otu402,Bacteria,Firmicutes,Clostridia,Lachnospirales,Lachnospiraceae,na
Otu403,Bacteria,Firmicutes,Clostridia,Clostridia vadinBB60 group,na,na
Otu406,Bacteria,Firmicutes,Clostridia,Oscillospirales,Oscillospiraceae,UCG-005
Otu408,Unclassified,na,na,na,na,na
Otu41,Bacteria,Firmicutes,Clostridia,Oscillospirales,Ruminococcaceae,na
Otu412,Bacteria,Firmicutes,Clostridia,Oscillospirales,na,na
Otu413,Bacteria,Actinobacteriota,Coriobacteriia,Coriobacteriales,Coriobacteriales Incertae Sedis,Raoultibacter
Otu414,Bacteria,Firmicutes,Clostridia,Oscillospirales,na,na
Otu415,Bacteria,Firmicutes,Clostridia,Lachnospirales,Lachnospiraceae,Lachnospiraceae NK4A136 group
Otu416,Bacteria,Firmicutes,Clostridia,Oscillospirales,Ruminococcaceae,na
Otu417,Bacteria,Firmicutes,Clostridia,Oscillospirales,Ruminococcaceae,Negativibacillus
Otu418,Bacteria,Firmicutes,Clostridia,Clostridia UCG-014,na,na
Otu419,Bacteria,Actinobacteriota,Coriobacteriia,Coriobacteriales,Eggerthellaceae,Enterorhabdus
Otu42,Bacteria,Firmicutes,Clostridia,Lachnospirales,Lachnospiraceae,na
Otu423,Bacteria,Firmicutes,Clostridia,na,na,na
Otu424,Bacteria,Firmicutes,Clostridia,Oscillospirales,Ruminococcaceae,na
Otu425,Bacteria,Firmicutes,Clostridia,Lachnospirales,Lachnospiraceae,uncultured
Otu426,Bacteria,Firmicutes,Clostridia,Peptostreptococcales-Tissierellales,Anaerovoracaceae,[Eubacterium] brachy group
Otu43,Bacteria,Firmicutes,Bacilli,Lactobacillales,Streptococcaceae,Streptococcus
Otu430,Bacteria,Firmicutes,Clostridia,na,na,na
Otu434,Bacteria,Firmicutes,Clostridia,Peptostreptococcales-Tissierellales,Anaerovoracaceae,na
Otu435,Unclassified,na,na,na,na,na
Otu438,Bacteria,Firmicutes,Clostridia,na,na,na
Otu439,Bacteria,Firmicutes,Clostridia,Lachnospirales,Lachnospiraceae,Anaerostignum
Otu44,Bacteria,Firmicutes,Clostridia,Oscillospirales,Oscillospiraceae,NK4A214 group
Otu440,Bacteria,Firmicutes,Clostridia,na,na,na
Otu441,Bacteria,Firmicutes,Clostridia,Oscillospirales,Ruminococcaceae,Ruminococcus
Otu442,Bacteria,Firmicutes,Clostridia,Lachnospirales,Lachnospiraceae,na
Otu443,Bacteria,Firmicutes,Clostridia,Oscillospirales,na,na
Otu445,Bacteria,Firmicutes,Clostridia,Oscillospirales,[Eubacterium] coprostanoligenes group,na
Otu447,Bacteria,Firmicutes,Bacilli,RF39,na,na
Otu449,Bacteria,Firmicutes,Bacilli,Erysipelotrichales,Erysipelotrichaceae,na
Otu45,Bacteria,Firmicutes,Clostridia,Lachnospirales,Lachnospiraceae,na
Otu450,Bacteria,Firmicutes,Clostridia,Oscillospirales,na,na
Otu452,Unclassified,na,na,na,na,na
Otu453,Unclassified,na,na,na,na,na
Otu456,Bacteria,Firmicutes,Clostridia,Oscillospirales,Ruminococcaceae,na
Otu457,Bacteria,Firmicutes,Clostridia,Oscillospirales,UCG-010,na
Otu459,Bacteria,Firmicutes,Clostridia,Oscillospirales,Ruminococcaceae,na
Otu46,Bacteria,Proteobacteria,Gammaproteobacteria,Burkholderiales,Sutterellaceae,Parasutterella
Otu461,Bacteria,Firmicutes,Clostridia,Oscillospirales,Ruminococcaceae,na
Otu463,Bacteria,Firmicutes,Clostridia,Lachnospirales,Lachnospiraceae,na
Otu464,Bacteria,Bacteroidota,Bacteroidia,Bacteroidales,na,na
Otu467,Bacteria,Proteobacteria,Gammaproteobacteria,Enterobacterales,Pasteurellaceae,Haemophilus
Otu468,Bacteria,Firmicutes,Clostridia,Oscillospirales,na,na
Otu47,Bacteria,Firmicutes,Clostridia,Lachnospirales,Lachnospiraceae,[Eubacterium] hallii group
Otu470,Unclassified,na,na,na,na,na
Otu471,Bacteria,Firmicutes,Negativicutes,Acidaminococcales,Acidaminococcaceae,Phascolarctobacterium
Otu475,Bacteria,Firmicutes,na,na,na,na
Otu476,Bacteria,Firmicutes,Clostridia,Christensenellales,Christensenellaceae,uncultured
Otu48,Bacteria,Firmicutes,Clostridia,Lachnospirales,Lachnospiraceae,na
Otu484,Bacteria,Firmicutes,Clostridia,Oscillospirales,UCG-010,na
Otu485,Bacteria,Actinobacteriota,Coriobacteriia,Coriobacteriales,Eggerthellaceae,Senegalimassilia
Otu487,Bacteria,Firmicutes,Clostridia,Oscillospirales,Oscillospiraceae,Colidextribacter
Otu489,Bacteria,Firmicutes,Clostridia,Peptostreptococcales-Tissierellales,Anaerovoracaceae,uncultured
Otu49,Bacteria,Firmicutes,Clostridia,Lachnospirales,Lachnospiraceae,Lachnospira
Otu493,Unclassified,na,na,na,na,na
Otu494,Bacteria,Firmicutes,Clostridia,Lachnospirales,Lachnospiraceae,Lachnospiraceae UCG-004
Otu5,Bacteria,Firmicutes,Bacilli,na,na,na
Otu50,Bacteria,Firmicutes,Clostridia,Oscillospirales,Oscillospiraceae,na
Otu500,Unclassified,na,na,na,na,na
Otu501,Bacteria,Firmicutes,Clostridia,Oscillospirales,Ruminococcaceae,na
Otu502,Bacteria,Firmicutes,Clostridia,Lachnospirales,Lachnospiraceae,na
Otu503,Bacteria,Firmicutes,Clostridia,Lachnospirales,Lachnospiraceae,na
Otu506,Unclassified,na,na,na,na,na
Otu507,Bacteria,Firmicutes,Clostridia,Lachnospirales,Defluviitaleaceae,Defluviitaleaceae UCG-011
Otu510,Bacteria,Firmicutes,Bacilli,Erysipelotrichales,Erysipelotrichaceae,na
Otu512,Bacteria,Firmicutes,Clostridia,Oscillospirales,Ruminococcaceae,na
Otu513,Bacteria,Firmicutes,Clostridia,Peptostreptococcales-Tissierellales,Anaerovoracaceae,na
Otu518,Bacteria,Firmicutes,Clostridia,Oscillospirales,na,na
Otu52,Bacteria,Firmicutes,Clostridia,Lachnospirales,Lachnospiraceae,na
Otu524,Unclassified,na,na,na,na,na
Otu525,Unclassified,na,na,na,na,na
Otu526,Bacteria,Firmicutes,Clostridia,Oscillospirales,Ruminococcaceae,na
Otu527,Unclassified,na,na,na,na,na
Otu528,Bacteria,Firmicutes,Clostridia,Peptostreptococcales-Tissierellales,Anaerovoracaceae,na
Otu53,Bacteria,Firmicutes,Clostridia,Lachnospirales,Lachnospiraceae,na
Otu530,Bacteria,Bacteroidota,Bacteroidia,Bacteroidales,Muribaculaceae,na
Otu532,Bacteria,Firmicutes,Clostridia,Lachnospirales,Lachnospiraceae,na
Otu533,Bacteria,Firmicutes,Clostridia,Peptococcales,Peptococcaceae,uncultured
Otu534,Bacteria,Firmicutes,Clostridia,Christensenellales,Christensenellaceae,Christensenellaceae R-7 group
Otu536,Bacteria,Firmicutes,Clostridia,Oscillospirales,na,na
Otu539,Bacteria,Firmicutes,Clostridia,Lachnospirales,Lachnospiraceae,uncultured
Otu54,Bacteria,Firmicutes,Bacilli,Lactobacillales,Lactobacillaceae,Lacticaseibacillus
Otu540,Unclassified,na,na,na,na,na
Otu541,Bacteria,Firmicutes,Clostridia,Oscillospirales,na,na
Otu543,Bacteria,Firmicutes,Clostridia,Peptostreptococcales-Tissierellales,Peptostreptococcaceae,Peptostreptococcus
Otu544,Unclassified,na,na,na,na,na
Otu546,Unclassified,na,na,na,na,na
Otu548,Unclassified,na,na,na,na,na
Otu55,Bacteria,Bacteroidota,Bacteroidia,Bacteroidales,Marinifilaceae,Odoribacter
Otu551,Bacteria,Firmicutes,Clostridia,Oscillospirales,na,na
Otu553,Bacteria,Firmicutes,Clostridia,Oscillospirales,[Eubacterium] coprostanoligenes group,na
Otu554,Bacteria,Firmicutes,Clostridia,Oscillospirales,na,na
Otu556,Bacteria,Firmicutes,Clostridia,Oscillospirales,Ruminococcaceae,Ruminococcus
Otu558,Bacteria,Firmicutes,Clostridia,Oscillospirales,Ruminococcaceae,na
Otu56,Bacteria,Proteobacteria,Alphaproteobacteria,Rhodospirillales,uncultured,na
Otu560,Bacteria,Bacteroidota,Bacteroidia,Bacteroidales,na,na
Otu563,Bacteria,Firmicutes,Clostridia,Oscillospirales,UCG-010,na
Otu565,Bacteria,Firmicutes,Clostridia,Lachnospirales,Lachnospiraceae,Lachnospiraceae NC2004 group
Otu567,Bacteria,Firmicutes,Clostridia,na,na,na
Otu569,Bacteria,Firmicutes,Clostridia,Christensenellales,Christensenellaceae,uncultured
Otu57,Bacteria,Firmicutes,Clostridia,Lachnospirales,Lachnospiraceae,Roseburia
Otu573,Bacteria,Firmicutes,Clostridia,Oscillospirales,UCG-010,na
Otu576,Unclassified,na,na,na,na,na
Otu579,Bacteria,Firmicutes,Clostridia,na,na,na
Otu58,Bacteria,Bacteroidota,Bacteroidia,na,na,na
Otu583,Bacteria,Firmicutes,Clostridia,Lachnospirales,Lachnospiraceae,na
Otu584,Unclassified,na,na,na,na,na
Otu585,Bacteria,Bacteroidota,Bacteroidia,Bacteroidales,Bacteroidaceae,Bacteroides
Otu59,Bacteria,Firmicutes,Clostridia,Oscillospirales,Ruminococcaceae,Ruminococcus
Otu593,Unclassified,na,na,na,na,na
Otu597,Bacteria,Firmicutes,Clostridia,Clostridia UCG-014,na,na
Otu598,Bacteria,Firmicutes,Clostridia,Lachnospirales,Lachnospiraceae,na
Otu6,Bacteria,Actinobacteriota,Actinobacteria,Bifidobacteriales,Bifidobacteriaceae,Bifidobacterium
Otu60,Bacteria,Firmicutes,Clostridia,Monoglobales,Monoglobaceae,Monoglobus
Otu603,Bacteria,Firmicutes,Clostridia,Oscillospirales,Ruminococcaceae,na
Otu604,Unclassified,na,na,na,na,na
Otu605,Bacteria,Firmicutes,Clostridia,Oscillospirales,Ruminococcaceae,na
Otu608,Bacteria,Firmicutes,Clostridia,Oscillospirales,Ruminococcaceae,Anaerofilum
Otu609,Bacteria,na,na,na,na,na
Otu61,Bacteria,Firmicutes,Bacilli,Erysipelotrichales,Erysipelatoclostridiaceae,Erysipelatoclostridium
Otu618,Bacteria,Firmicutes,Clostridia,na,na,na
Otu619,Unclassified,na,na,na,na,na
Otu62,Bacteria,Bacteroidota,Bacteroidia,Bacteroidales,Bacteroidaceae,Bacteroides
Otu625,Bacteria,Firmicutes,Clostridia,Lachnospirales,Lachnospiraceae,uncultured
Otu626,Unclassified,na,na,na,na,na
Otu63,Bacteria,Firmicutes,Clostridia,Peptostreptococcales-Tissierellales,Peptostreptococcaceae,na
Otu634,Unclassified,na,na,na,na,na
Otu636,Unclassified,na,na,na,na,na
Otu637,Unclassified,na,na,na,na,na
Otu638,Bacteria,Actinobacteriota,Coriobacteriia,Coriobacteriales,Atopobiaceae,Atopobium
Otu639,Unclassified,na,na,na,na,na
Otu64,Bacteria,Firmicutes,Clostridia,Christensenellales,Christensenellaceae,Christensenellaceae R-7 group
Otu641,Bacteria,Firmicutes,Clostridia,Oscillospirales,Ruminococcaceae,na
Otu643,Bacteria,Firmicutes,Clostridia,na,na,na
Otu645,Unclassified,na,na,na,na,na
Otu646,Bacteria,Firmicutes,Clostridia,Lachnospirales,Lachnospiraceae,na
Otu65,Bacteria,Firmicutes,Clostridia,Clostridia UCG-014,na,na
Otu66,Bacteria,Firmicutes,Clostridia,Lachnospirales,Lachnospiraceae,na
Otu660,Unclassified,na,na,na,na,na
Otu662,Bacteria,Firmicutes,Clostridia,Oscillospirales,Ruminococcaceae,Candidatus Soleaferrea
Otu664,Unclassified,na,na,na,na,na
Otu665,Unclassified,na,na,na,na,na
Otu666,Bacteria,Firmicutes,Clostridia,na,na,na
Otu667,Bacteria,Firmicutes,Clostridia,Christensenellales,Christensenellaceae,uncultured
Otu669,Unclassified,na,na,na,na,na
Otu67,Bacteria,Verrucomicrobiota,Verrucomicrobiae,Verrucomicrobiales,Akkermansiaceae,Akkermansia
Otu671,Unclassified,na,na,na,na,na
Otu672,Bacteria,Firmicutes,Clostridia,Oscillospirales,na,na
Otu675,Bacteria,Firmicutes,Clostridia,Lachnospirales,Lachnospiraceae,Blautia
Otu676,Bacteria,Bacteroidota,Bacteroidia,Bacteroidales,Muribaculaceae,na
Otu679,Unclassified,na,na,na,na,na
Otu68,Bacteria,Firmicutes,Clostridia,Oscillospirales,Oscillospiraceae,UCG-002
Otu680,Unclassified,na,na,na,na,na
Otu683,Unclassified,na,na,na,na,na
Otu689,Unclassified,na,na,na,na,na
Otu69,Bacteria,Bacteroidota,Bacteroidia,Bacteroidales,Barnesiellaceae,Barnesiella
Otu690,Bacteria,Firmicutes,Clostridia,Oscillospirales,Ruminococcaceae,na
Otu691,Bacteria,Firmicutes,Clostridia,Oscillospirales,Ruminococcaceae,na
Otu696,Bacteria,Firmicutes,Clostridia,Lachnospirales,Lachnospiraceae,na
Otu7,Bacteria,Firmicutes,Clostridia,Lachnospirales,Lachnospiraceae,na
Otu70,Bacteria,na,na,na,na,na
Otu701,Bacteria,Actinobacteriota,Coriobacteriia,Coriobacteriales,Coriobacteriaceae,Collinsella
Otu704,Unclassified,na,na,na,na,na
Otu709,Bacteria,Firmicutes,Clostridia,Oscillospirales,Ruminococcaceae,Ruminococcus
Otu71,Bacteria,Firmicutes,Clostridia,Oscillospirales,Oscillospiraceae,na
Otu711,Unclassified,na,na,na,na,na
Otu712,Unclassified,na,na,na,na,na
Otu713,Unclassified,na,na,na,na,na
Otu717,Bacteria,Firmicutes,Clostridia,Oscillospirales,Ruminococcaceae,Ruminococcus
Otu719,Bacteria,Firmicutes,Clostridia,Lachnospirales,Lachnospiraceae,na
Otu72,Bacteria,Firmicutes,Clostridia,Lachnospirales,Lachnospiraceae,na
Otu722,Unclassified,na,na,na,na,na
Otu727,Bacteria,Proteobacteria,Gammaproteobacteria,Burkholderiales,Sutterellaceae,Parasutterella
Otu729,Bacteria,Firmicutes,Clostridia,Lachnospirales,Lachnospiraceae,na
Otu73,Bacteria,Actinobacteriota,Coriobacteriia,Coriobacteriales,Eggerthellaceae,na
Otu730,Bacteria,Firmicutes,Clostridia,Oscillospirales,Ruminococcaceae,Ruminococcus
Otu732,Unclassified,na,na,na,na,na
Otu734,Unclassified,na,na,na,na,na
Otu736,Bacteria,Firmicutes,Clostridia,Oscillospirales,Ruminococcaceae,CAG-352
Otu738,Unclassified,na,na,na,na,na
Otu74,Bacteria,Firmicutes,Negativicutes,Veillonellales-Selenomonadales,Veillonellaceae,Dialister
Otu740,Bacteria,Firmicutes,Clostridia,Lachnospirales,Lachnospiraceae,uncultured
Otu741,Bacteria,Firmicutes,Clostridia,Oscillospirales,Oscillospiraceae,na
Otu75,Bacteria,Firmicutes,Negativicutes,Veillonellales-Selenomonadales,Veillonellaceae,Veillonella
Otu754,Unclassified,na,na,na,na,na
Otu756,Unclassified,na,na,na,na,na
Otu757,Bacteria,Firmicutes,Clostridia,Lachnospirales,Lachnospiraceae,uncultured
Otu758,Bacteria,Firmicutes,Clostridia,na,na,na
Otu759,Bacteria,Firmicutes,Clostridia,Peptostreptococcales-Tissierellales,Peptostreptococcaceae,na
Otu76,Bacteria,Firmicutes,Bacilli,Lactobacillales,Lactobacillaceae,Limosilactobacillus
Otu762,Unclassified,na,na,na,na,na
Otu764,Unclassified,na,na,na,na,na
Otu768,Unclassified,na,na,na,na,na
Otu769,Bacteria,Firmicutes,Clostridia,Oscillospirales,Ruminococcaceae,na
Otu77,Bacteria,Firmicutes,Clostridia,Oscillospirales,[Eubacterium] coprostanoligenes group,na
Otu772,Unclassified,na,na,na,na,na
Otu78,Bacteria,Firmicutes,Clostridia,Oscillospirales,[Eubacterium] coprostanoligenes group,na
Otu780,Unclassified,na,na,na,na,na
Otu782,Bacteria,Firmicutes,Clostridia,na,na,na
Otu788,Bacteria,Firmicutes,Clostridia,na,na,na
Otu79,Bacteria,Bacteroidota,Bacteroidia,Bacteroidales,Bacteroidaceae,Bacteroides
Otu791,Bacteria,Firmicutes,Clostridia,Oscillospirales,Ruminococcaceae,na
Otu793,Bacteria,Firmicutes,Clostridia,Lachnospirales,Lachnospiraceae,na
Otu8,Bacteria,Firmicutes,Bacilli,Bacillales,Bacillaceae,Bacillus
Otu80,Bacteria,Firmicutes,Clostridia,Oscillospirales,Ruminococcaceae,na
Otu805,Bacteria,Firmicutes,Clostridia,na,na,na
Otu807,Bacteria,Firmicutes,Clostridia,Oscillospirales,Ruminococcaceae,na
Otu809,Bacteria,Firmicutes,Clostridia,Lachnospirales,Lachnospiraceae,Lachnospiraceae NK4A136 group
Otu81,Bacteria,Firmicutes,Clostridia,Lachnospirales,Lachnospiraceae,na
Otu810,Unclassified,na,na,na,na,na
Otu811,Unclassified,na,na,na,na,na
Otu812,Bacteria,Actinobacteriota,Actinobacteria,Bifidobacteriales,Bifidobacteriaceae,Bifidobacterium
Otu813,Bacteria,Firmicutes,Clostridia,Oscillospirales,Ruminococcaceae,Incertae Sedis
Otu814,Unclassified,na,na,na,na,na
Otu819,Bacteria,Firmicutes,Clostridia,Peptostreptococcales-Tissierellales,Peptostreptococcaceae,Romboutsia
Otu82,Bacteria,Firmicutes,Clostridia,Clostridia UCG-014,na,na
Otu83,Bacteria,Firmicutes,Clostridia,Lachnospirales,Lachnospiraceae,na
Otu831,Unclassified,na,na,na,na,na
Otu832,Bacteria,Bacteroidota,Bacteroidia,Bacteroidales,Rikenellaceae,Alistipes
Otu834,Unclassified,na,na,na,na,na
Otu836,Unclassified,na,na,na,na,na
Otu838,Unclassified,na,na,na,na,na
Otu84,Bacteria,Bacteroidota,Bacteroidia,Bacteroidales,Muribaculaceae,na
Otu841,Bacteria,Firmicutes,Clostridia,na,na,na
Otu85,Bacteria,Firmicutes,Clostridia,na,na,na
Otu851,Unclassified,na,na,na,na,na
Otu853,Unclassified,na,na,na,na,na
Otu86,Bacteria,Proteobacteria,Gammaproteobacteria,Burkholderiales,na,na
Otu861,Bacteria,Firmicutes,Clostridia,Oscillospirales,Ruminococcaceae,na
Otu864,Bacteria,Firmicutes,Clostridia,Oscillospirales,Ruminococcaceae,Faecalibacterium
Otu865,Bacteria,Firmicutes,Clostridia,Lachnospirales,Lachnospiraceae,na
Otu867,Bacteria,Bacteroidota,Bacteroidia,Bacteroidales,Bacteroidales UCG-001,na
Otu868,Unclassified,na,na,na,na,na
Otu869,Bacteria,Firmicutes,Clostridia,Lachnospirales,Lachnospiraceae,na
Otu87,Bacteria,Firmicutes,Clostridia,Lachnospirales,Lachnospiraceae,na
Otu870,Bacteria,Firmicutes,Clostridia,Oscillospirales,Ruminococcaceae,na
Otu872,Unclassified,na,na,na,na,na
Otu878,Unclassified,na,na,na,na,na
Otu879,Bacteria,Firmicutes,Clostridia,Lachnospirales,Lachnospiraceae,Dorea
Otu88,Bacteria,Firmicutes,Clostridia,Lachnospirales,Lachnospiraceae,na
Otu880,Bacteria,Firmicutes,Clostridia,Oscillospirales,na,na
Otu885,Bacteria,Firmicutes,Clostridia,Lachnospirales,Lachnospiraceae,na
Otu89,Bacteria,Bacteroidota,Bacteroidia,Bacteroidales,Muribaculaceae,na
Otu894,Unclassified,na,na,na,na,na
Otu895,Bacteria,Firmicutes,Clostridia,Lachnospirales,Lachnospiraceae,na
Otu899,Bacteria,Firmicutes,Clostridia,Lachnospirales,Lachnospiraceae,na
Otu9,Bacteria,Firmicutes,Clostridia,Lachnospirales,Lachnospiraceae,na
Otu90,Bacteria,Firmicutes,Bacilli,Erysipelotrichales,Erysipelatoclostridiaceae,Erysipelatoclostridium
Otu901,Bacteria,Actinobacteriota,Actinobacteria,Bifidobacteriales,Bifidobacteriaceae,Bifidobacterium
Otu909,Bacteria,Firmicutes,Clostridia,Lachnospirales,Lachnospiraceae,na
Otu91,Bacteria,Bacteroidota,Bacteroidia,na,na,na
Otu913,Unclassified,na,na,na,na,na
Otu916,Bacteria,Firmicutes,Clostridia,Oscillospirales,Oscillospiraceae,UCG-002
Otu918,Unclassified,na,na,na,na,na
Otu92,Bacteria,Bacteroidota,Bacteroidia,Bacteroidales,Bacteroidaceae,Bacteroides
Otu922,Bacteria,Firmicutes,Clostridia,Lachnospirales,Lachnospiraceae,Agathobacter
Otu924,Unclassified,na,na,na,na,na
Otu927,Unclassified,na,na,na,na,na
Otu928,Bacteria,Firmicutes,Clostridia,Lachnospirales,Lachnospiraceae,na
Otu93,Bacteria,Firmicutes,Bacilli,Lactobacillales,Lactobacillaceae,Ligilactobacillus
Otu932,Bacteria,Firmicutes,Clostridia,Lachnospirales,Lachnospiraceae,na
Otu936,Unclassified,na,na,na,na,na
Otu94,Bacteria,Actinobacteriota,Actinobacteria,Bifidobacteriales,Bifidobacteriaceae,Bifidobacterium
Otu941,Unclassified,na,na,na,na,na
Otu949,Unclassified,na,na,na,na,na
Otu95,Bacteria,Firmicutes,Clostridia,Lachnospirales,Lachnospiraceae,na
Otu96,Bacteria,Firmicutes,Clostridia,Oscillospirales,Ruminococcaceae,na
Otu963,Bacteria,Firmicutes,Clostridia,Lachnospirales,Lachnospiraceae,na
Otu968,Bacteria,Firmicutes,Clostridia,Oscillospirales,Ruminococcaceae,Ruminococcus
Otu97,Bacteria,Proteobacteria,Alphaproteobacteria,Rhodospirillales,uncultured,na
Otu971,Bacteria,Proteobacteria,Gammaproteobacteria,Enterobacterales,Enterobacteriaceae,Enterobacter
Otu974,Unclassified,na,na,na,na,na
Otu98,Bacteria,Firmicutes,Clostridia,Lachnospirales,Lachnospiraceae,na
Otu980,Unclassified,na,na,na,na,na
Otu984,Unclassified,na,na,na,na,na
Otu987,Bacteria,Firmicutes,Clostridia,Lachnospirales,Lachnospiraceae,na
Otu99,Bacteria,Firmicutes,Clostridia,Lachnospirales,Lachnospiraceae,na
Otu997,Unclassified,na,na,na,na,na
Otu999,Unclassified,na,na,na,na,na
