Otu,Domain,Phylum,Class,Order,Family,Genus,Species
Otu1,Bacteria,Firmicutes,Bacilli,Lactobacillales,Lactobacillaceae,Lactobacillus,na
Otu7,Bacteria,Firmicutes,Clostridia,Clostridiales,Lachnospiraceae,Clostridium_XlVa,na
Otu11,Bacteria,Actinobacteria,Coriobacteriia,Eggerthellales,Eggerthellaceae,Adlercreutzia,na
Otu8,Bacteria,Bacteroidetes,Bacteroidia,Bacteroidales,Muribaculaceae,Duncaniella,na
Otu2,Bacteria,Verrucomicrobia,Verrucomicrobiae,Verrucomicrobiales,Akkermansiaceae,Akkermansia,na
Otu6,Bacteria,Firmicutes,Clostridia,Clostridiales,Eubacteriaceae,Eubacterium,Eubacterium coprostanoligenes
Otu9,Bacteria,Firmicutes,Clostridia,Clostridiales,Ruminococcaceae,na,na
Otu10,Bacteria,Firmicutes,Erysipelotrichia,Erysipelotrichales,Erysipelotrichaceae,Faecalibaculum,Faecalibaculum rodentium
Otu4,Bacteria,Firmicutes,Bacilli,Lactobacillales,Streptococcaceae,Lactococcus,na
Otu3,Bacteria,Firmicutes,Erysipelotrichia,Erysipelotrichales,Erysipelotrichaceae,Turicibacter,na
Otu5,Bacteria,Firmicutes,Bacilli,Bacillales,Bacillaceae_1,Bacillus,na
Otu13,Bacteria,Firmicutes,Clostridia,Clostridiales,Lachnospiraceae,na,na
Otu22,Bacteria,Bacteroidetes,Bacteroidia,Bacteroidales,na,na,na
Otu15,Bacteria,Firmicutes,Clostridia,Clostridiales,Lachnospiraceae,Eisenbergiella,na
Otu14,Bacteria,Firmicutes,Clostridia,Clostridiales,Lachnospiraceae,Enterocloster,na
Otu17,Bacteria,Firmicutes,Clostridia,Clostridiales,Lachnospiraceae,Roseburia,na
Otu16,Bacteria,Firmicutes,Clostridia,Clostridiales,Lachnospiraceae,na,na
Otu18,Bacteria,Firmicutes,Clostridia,Clostridiales,Lachnospiraceae,Eisenbergiella,na
Otu12,Bacteria,Actinobacteria,Coriobacteriia,Eggerthellales,Eggerthellaceae,Adlercreutzia,na
Otu19,Bacteria,Firmicutes,Clostridia,Clostridiales,Lachnospiraceae,Faecalicatena,na
Otu20,Bacteria,Bacteroidetes,Bacteroidia,Bacteroidales,na,na,Muribaculum gordoncarteri
Otu23,Bacteria,Firmicutes,Clostridia,Clostridiales,na,na,na
Otu21,Bacteria,Firmicutes,Clostridia,Clostridiales,Ruminococcaceae,Ruminococcus,na
Otu24,Bacteria,Firmicutes,Clostridia,Clostridiales,Lachnospiraceae,Extibacter,na
Otu27,Bacteria,Firmicutes,Clostridia,Clostridiales,Lachnospiraceae,na,na
Otu32,Bacteria,Firmicutes,Clostridia,Clostridiales,Lachnospiraceae,na,na
Otu28,Bacteria,Firmicutes,Clostridia,Clostridiales,Lachnospiraceae,na,na
Otu26,Bacteria,Firmicutes,Clostridia,Clostridiales,Lachnospiraceae,Lacrimispora,na
Otu30,Bacteria,Firmicutes,Clostridia,Clostridiales,Lachnospiraceae,na,na
Otu25,Bacteria,Bacteroidetes,Bacteroidia,Bacteroidales,na,na,na
Otu29,Bacteria,Firmicutes,Clostridia,Clostridiales,Peptostreptococcaceae,Romboutsia,na
Otu31,Bacteria,Firmicutes,Clostridia,Clostridiales,Lachnospiraceae,Faecalicatena,na
Otu33,Bacteria,Bacteroidetes,Bacteroidia,Bacteroidales,Porphyromonadaceae,Porphyromonas,na
Otu36,Bacteria,Firmicutes,Clostridia,Clostridiales,Lachnospiraceae,na,na
Otu35,Bacteria,Firmicutes,na,na,na,na,na
Otu38,Bacteria,Firmicutes,Clostridia,Clostridiales,Lachnospiraceae,Cellulosilyticum,na
Otu40,Bacteria,Firmicutes,Clostridia,Clostridiales,Lachnospiraceae,na,na
Otu39,Bacteria,Firmicutes,Clostridia,Clostridiales,Lachnospiraceae,Anaerostipes,na
Otu34,Bacteria,Firmicutes,Erysipelotrichia,Erysipelotrichales,Erysipelotrichaceae,Clostridium_XVIII,na
Otu37,Bacteria,Firmicutes,Clostridia,Clostridiales,Lachnospiraceae,Shuttleworthia,na
Otu44,Bacteria,Firmicutes,Clostridia,Clostridiales,Lachnospiraceae,Acetatifactor,na
Otu41,Bacteria,Firmicutes,Clostridia,Clostridiales,Lachnospiraceae,Hespellia,na
Otu42,Bacteria,Firmicutes,Clostridia,Clostridiales,Ruminococcaceae,Colidextribacter,na
Otu43,Bacteria,Firmicutes,Clostridia,Clostridiales,Lachnospiraceae,na,na
Otu51,Bacteria,Firmicutes,Clostridia,Clostridiales,Lachnospiraceae,Marvinbryantia,na
Otu47,Bacteria,Firmicutes,Clostridia,Clostridiales,Lachnospiraceae,Roseburia,na
Otu45,Bacteria,Firmicutes,Clostridia,Clostridiales,na,na,na
Otu49,Bacteria,Firmicutes,Clostridia,Clostridiales,Lachnospiraceae,Enterocloster,na
Otu50,Bacteria,Firmicutes,Clostridia,Clostridiales,Lachnospiraceae,Enterocloster,na
Otu46,Bacteria,Firmicutes,Clostridia,Clostridiales,Ruminococcaceae,Ruminococcus,na
Otu48,Bacteria,Firmicutes,Clostridia,Clostridiales,Clostridiaceae_1,Clostridium_sensu_stricto,na
Otu52,Bacteria,Firmicutes,Clostridia,Clostridiales,Lachnospiraceae,Anaerocolumna,na
Otu53,Bacteria,Firmicutes,Clostridia,Clostridiales,Lachnospiraceae,Coprococcus,na
Otu54,Bacteria,Firmicutes,Clostridia,Clostridiales,Ruminococcaceae,na,na
Otu55,Bacteria,Firmicutes,Clostridia,Clostridiales,Ruminococcaceae,Acutalibacter,na
Otu57,Bacteria,Firmicutes,Clostridia,Clostridiales,Lachnospiraceae,Roseburia,na
Otu56,Bacteria,Tenericutes,Mollicutes,Acholeplasmatales,Acholeplasmataceae,Acholeplasma,na
Otu58,Bacteria,Bacteroidetes,Bacteroidia,Bacteroidales,Dysgonomonadaceae,Dysgonomonas,na
Otu59,Bacteria,Firmicutes,Clostridia,Clostridiales,Lachnospiraceae,na,na
Otu60,Bacteria,Firmicutes,Clostridia,Clostridiales,na,na,na
Otu61,Bacteria,Bacteroidetes,Flavobacteriia,Flavobacteriales,Flavobacteriaceae,Imtechella,na
Otu62,Bacteria,Firmicutes,Clostridia,Clostridiales,Ruminococcaceae,Pseudoflavonifractor,na
Otu65,Bacteria,Firmicutes,Clostridia,Clostridiales,Ruminococcaceae,na,na
Otu63,Bacteria,Firmicutes,Clostridia,Clostridiales,Lachnospiraceae,na,na
Otu64,Bacteria,Firmicutes,Clostridia,Clostridiales,Lachnospiraceae,Muricomes,na
Otu66,Bacteria,Firmicutes,Clostridia,Clostridiales,Lachnospiraceae,Muricomes,na
Otu67,Bacteria,Firmicutes,Clostridia,Clostridiales,Lachnospiraceae,na,na
Otu69,Bacteria,Firmicutes,Clostridia,Clostridiales,Lachnospiraceae,na,na
Otu68,Bacteria,Firmicutes,Clostridia,Clostridiales,Lachnospiraceae,na,na
Otu70,Bacteria,Tenericutes,Mollicutes,Acholeplasmatales,Acholeplasmataceae,Acholeplasma,na
Otu73,Bacteria,Firmicutes,Clostridia,Clostridiales,Lachnospiraceae,Anaerosporobacter,na
Otu71,Bacteria,Firmicutes,Clostridia,Clostridiales,Lachnospiraceae,na,na
Otu72,Bacteria,Firmicutes,Clostridia,Clostridiales,Lachnospiraceae,Cellulosilyticum,na
Otu74,Bacteria,Firmicutes,Clostridia,Clostridiales,Ruminococcaceae,Dysosmobacter,na
Otu75,Bacteria,Firmicutes,Clostridia,Clostridiales,Ruminococcaceae,Acetivibrio,na
Otu76,Bacteria,Firmicutes,Clostridia,Clostridiales,Lachnospiraceae,Muricomes,na
Otu77,Bacteria,Firmicutes,Clostridia,Clostridiales,Lachnospiraceae,Clostridium_XlVa,na
Otu80,Bacteria,Firmicutes,Clostridia,Clostridiales,Lachnospiraceae,Marvinbryantia,na
Otu78,Bacteria,Firmicutes,Clostridia,Clostridiales,Ruminococcaceae,Intestinimonas,na
Otu81,Bacteria,Firmicutes,Clostridia,Clostridiales,Ruminococcaceae,Neglecta,na
Otu82,Bacteria,Firmicutes,Clostridia,Clostridiales,Ruminococcaceae,na,na
Otu79,Eukaryota,Plantae,Liliopsida,Poales,Poaceae,Zea,na
Otu83,Bacteria,Firmicutes,Clostridia,Clostridiales,Lachnospiraceae,na,na
Otu84,Bacteria,Firmicutes,Clostridia,Clostridiales,na,na,na
Otu85,Bacteria,Firmicutes,Clostridia,Clostridiales,Ruminococcaceae,Papillibacter,na
Otu87,Bacteria,Firmicutes,Clostridia,Clostridiales,Lachnospiraceae,Muricomes,na
Otu90,Bacteria,Firmicutes,Clostridia,Clostridiales,Lachnospiraceae,Marvinbryantia,na
Otu89,Bacteria,Firmicutes,Clostridia,Clostridiales,Lachnospiraceae,Schaedlerella,na
Otu86,Bacteria,Firmicutes,Clostridia,Clostridiales,Ruminococcaceae,Acetanaerobacterium,na
Otu88,Bacteria,Firmicutes,Clostridia,Clostridiales,Ruminococcaceae,na,na
Otu91,Bacteria,Firmicutes,Clostridia,Clostridiales,Lachnospiraceae,Acetatifactor,na
Otu92,Bacteria,Firmicutes,Clostridia,Clostridiales,Lachnospiraceae,Cellulosilyticum,na
Otu93,Bacteria,Firmicutes,Clostridia,Clostridiales,Lachnospiraceae,na,na
Otu94,Bacteria,Firmicutes,Clostridia,Clostridiales,Lachnospiraceae,Anaerosporobacter,na
Otu95,Bacteria,Firmicutes,Clostridia,Clostridiales,Lachnospiraceae,na,na
Otu97,Bacteria,Firmicutes,Clostridia,Clostridiales,Lachnospiraceae,Clostridium_XlVa,na
Otu96,Bacteria,Firmicutes,Clostridia,Clostridiales,Lachnospiraceae,Blautia,na
Otu100,Bacteria,Firmicutes,Clostridia,Clostridiales,Lachnospiraceae,na,na
Otu98,Bacteria,Firmicutes,Clostridia,Clostridiales,Ruminococcaceae,Oscillibacter,na
Otu102,Bacteria,Firmicutes,Clostridia,Clostridiales,Lachnospiraceae,Roseburia,na
Otu101,Bacteria,Firmicutes,Clostridia,Clostridiales,Lachnospiraceae,Anaerotignum,na
Otu103,Bacteria,Firmicutes,Clostridia,Clostridiales,Lachnospiraceae,na,na
Otu99,Bacteria,Firmicutes,Clostridia,Clostridiales,Clostridiales_Incertae_Sedis_XIII,na,na
Otu106,Bacteria,Firmicutes,Clostridia,Clostridiales,Lachnospiraceae,Mediterraneibacter,na
Otu104,Bacteria,Firmicutes,Clostridia,Clostridiales,Ruminococcaceae,Flintibacter,na
Otu105,Bacteria,Firmicutes,Clostridia,Clostridiales,Lachnospiraceae,na,na
Otu107,Bacteria,Firmicutes,Clostridia,Clostridiales,Lachnospiraceae,Johnsonella,na
Otu108,Bacteria,Firmicutes,Clostridia,Clostridiales,Lachnospiraceae,Blautia,na
Otu110,Bacteria,Firmicutes,Clostridia,Clostridiales,Lachnospiraceae,na,na
Otu109,Bacteria,Firmicutes,Erysipelotrichia,Erysipelotrichales,Erysipelotrichaceae,Amedibacillus,na
Otu111,Bacteria,Firmicutes,Clostridia,Clostridiales,Lachnospiraceae,na,na
Otu112,Bacteria,Bacteroidetes,Bacteroidia,Bacteroidales,Muribaculaceae,Paramuribaculum,na
Otu113,Bacteria,Firmicutes,Clostridia,Clostridiales,Lachnospiraceae,Frisingicoccus,na
Otu115,Bacteria,Bacteroidetes,Bacteroidia,Bacteroidales,Prevotellaceae,Prevotella,na
Otu114,Bacteria,Firmicutes,Clostridia,Clostridiales,Clostridiales_Incertae_Sedis_XIII,Mogibacterium,na
Otu116,Bacteria,Firmicutes,Clostridia,Clostridiales,Lachnospiraceae,Faecalicatena,na
Otu117,Bacteria,Firmicutes,Clostridia,Clostridiales,na,na,na
Otu118,Bacteria,Firmicutes,Clostridia,Clostridiales,Ruminococcaceae,na,na
Otu121,Bacteria,Firmicutes,Clostridia,Clostridiales,Lachnospiraceae,na,na
Otu120,Bacteria,Firmicutes,Clostridia,Clostridiales,Ruminococcaceae,Dysosmobacter,na
Otu119,,Bacteria,Cyanobacteria/Chloroplast,Chloroplast,Chloroplast,Streptophyta,na
Otu122,Bacteria,Firmicutes,Clostridia,Clostridiales,Lachnospiraceae,na,na
Otu125,Bacteria,Firmicutes,Clostridia,Clostridiales,Lachnospiraceae,na,na
Otu126,Bacteria,Firmicutes,Clostridia,Clostridiales,na,na,na
Otu123,Bacteria,Firmicutes,Erysipelotrichia,Erysipelotrichales,Erysipelotrichaceae,Clostridium_XVIII,na
Otu124,Bacteria,Firmicutes,Clostridia,Clostridiales,Tissierellaceae,Anaerosalibacter,na
Otu127,Bacteria,Firmicutes,Clostridia,Clostridiales,Lachnospiraceae,Blautia,na
Otu128,Bacteria,Firmicutes,Clostridia,Clostridiales,Lachnospiraceae,Coprococcus,na
Otu129,Bacteria,Firmicutes,Clostridia,Clostridiales,Lachnospiraceae,na,na
Otu132,Bacteria,Firmicutes,Clostridia,Clostridiales,Lachnospiraceae,Roseburia,na
Otu131,Bacteria,Firmicutes,Clostridia,Clostridiales,Lachnospiraceae,Roseburia,na
Otu130,Bacteria,Firmicutes,Clostridia,Clostridiales,Lachnospiraceae,Coprococcus,na
Otu133,Bacteria,Firmicutes,Clostridia,Clostridiales,Ruminococcaceae,na,na
Otu135,Bacteria,Firmicutes,na,na,na,na,na
Otu136,Bacteria,Firmicutes,Clostridia,Clostridiales,Lachnospiraceae,Shuttleworthia,na
Otu134,Bacteria,Firmicutes,Erysipelotrichia,Erysipelotrichales,Erysipelotrichaceae,na,na
Otu137,Bacteria,Firmicutes,Clostridia,Clostridiales,Ruminococcaceae,na,na
Otu139,Bacteria,Firmicutes,Clostridia,Clostridiales,Lachnospiraceae,Frisingicoccus,na
Otu140,Bacteria,Cyanobacteria/Chloroplast,Chloroplast,na,Chloroplast,Streptophyta,na
Otu141,Bacteria,Bacteroidetes,Bacteroidia,Bacteroidales,Porphyromonadaceae,na,na
Otu138,Bacteria,Firmicutes,Clostridia,Clostridiales,Ruminococcaceae,na,na
Otu142,Bacteria,Firmicutes,Clostridia,Clostridiales,Eubacteriaceae,Eubacterium,na
Otu143,Bacteria,Firmicutes,Clostridia,Clostridiales,Ruminococcaceae,Oscillibacter,na
Otu147,Bacteria,na,na,na,na,na,na
Otu144,Bacteria,Firmicutes,Clostridia,Clostridiales,na,na,na
Otu145,Bacteria,Firmicutes,Clostridia,Clostridiales,Lachnospiraceae,Anaerotignum,na
Otu146,Bacteria,Firmicutes,Clostridia,Clostridiales,Lachnospiraceae,na,na
Otu148,Bacteria,Firmicutes,Clostridia,Clostridiales,Lachnospiraceae,Shuttleworthia,na
Otu149,Bacteria,Firmicutes,Clostridia,Clostridiales,Lachnospiraceae,Coprococcus,na
Otu150,Bacteria,Firmicutes,Clostridia,Clostridiales,Lachnospiraceae,Enterocloster,na
Otu151,Bacteria,na,na,na,na,na,na
Otu152,Bacteria,Firmicutes,Clostridia,Clostridiales,Ruminococcaceae,Clostridium_IV,na
Otu155,Bacteria,Firmicutes,Clostridia,Clostridiales,Lachnospiraceae,Enterocloster,na
Otu153,Bacteria,Firmicutes,Clostridia,Clostridiales,Ruminococcaceae,Anaerotruncus,na
Otu157,Bacteria,Firmicutes,Clostridia,Clostridiales,Lachnospiraceae,na,na
Otu156,Bacteria,Firmicutes,Bacilli,Lactobacillales,Lactobacillaceae,na,na
Otu154,Bacteria,Firmicutes,Clostridia,Clostridiales,Clostridiales_Incertae_Sedis_XIII,na,na
Otu158,Bacteria,Firmicutes,Clostridia,Clostridiales,Lachnospiraceae,Butyrivibrio,na
Otu159,Bacteria,Bacteroidetes,Bacteroidia,Bacteroidales,na,na,na
Otu161,Bacteria,Firmicutes,Clostridia,Clostridiales,Ruminococcaceae,na,na
Otu160,Bacteria,Firmicutes,Clostridia,Clostridiales,Lachnospiraceae,na,na
Otu162,Bacteria,Firmicutes,Clostridia,Clostridiales,Lachnospiraceae,Syntrophococcus,na
Otu165,Bacteria,Firmicutes,Clostridia,Clostridiales,Lachnospiraceae,na,na
Otu163,Bacteria,Bacteroidetes,Bacteroidia,Bacteroidales,na,na,na
Otu164,Bacteria,Firmicutes,Clostridia,Clostridiales,Lachnospiraceae,Cellulosilyticum,na
Otu166,Bacteria,Bacteroidetes,Bacteroidia,Bacteroidales,Dysgonomonadaceae,Dysgonomonas,na
Otu167,Bacteria,Firmicutes,Clostridia,Clostridiales,Ruminococcaceae,Anaerotruncus,na
Otu169,Bacteria,na,na,na,na,na,na
Otu170,Bacteria,Bacteroidetes,Bacteroidia,Bacteroidales,Porphyromonadaceae,Porphyromonas,na
Otu168,Bacteria,Firmicutes,Clostridia,Clostridiales,na,na,na
Otu172,Bacteria,Firmicutes,Clostridia,Clostridiales,Ruminococcaceae,Harryflintia,na
Otu171,Bacteria,Firmicutes,Clostridia,Clostridiales,na,na,na
Otu173,Bacteria,Firmicutes,Clostridia,Clostridiales,Ruminococcaceae,Ruminococcus,na
Otu174,Bacteria,Firmicutes,Clostridia,Clostridiales,Ruminococcaceae,na,na
Otu176,Bacteria,Firmicutes,Clostridia,Clostridiales,Lachnospiraceae,na,na
Otu175,Bacteria,Firmicutes,Clostridia,Clostridiales,Ruminococcaceae,Dysosmobacter,na
Otu177,Bacteria,Firmicutes,Clostridia,Clostridiales,Ruminococcaceae,Ethanoligenens,na
Otu178,Bacteria,Firmicutes,Clostridia,Clostridiales,Lachnospiraceae,Anaerotignum,na
Otu180,Bacteria,Firmicutes,Clostridia,Clostridiales,Ruminococcaceae,Ruminococcus,na
Otu181,Bacteria,Firmicutes,Clostridia,Clostridiales,Lachnospiraceae,Johnsonella,na
Otu179,Bacteria,Firmicutes,Bacilli,Lactobacillales,Lactobacillaceae,Ligilactobacillus,na
Otu183,Bacteria,Firmicutes,Clostridia,Clostridiales,Lachnospiraceae,na,na
Otu184,Bacteria,Bacteroidetes,Bacteroidia,Bacteroidales,Muribaculaceae,Duncaniella,na
Otu182,Bacteria,Firmicutes,Clostridia,Clostridiales,Clostridiales_incertae_sedis,Marinisporobacter,na
Otu185,Bacteria,Bacteroidetes,Bacteroidia,Bacteroidales,Dysgonomonadaceae,Dysgonomonas,na
Otu187,Bacteria,Firmicutes,Clostridia,Clostridiales,Lachnospiraceae,na,na
Otu186,Eukaryota,Plantae,Liliopsida,Poales,Poaceae,Zea,na
Otu189,Bacteria,Firmicutes,Clostridia,Clostridiales,Ruminococcaceae,Flavonifractor,na
Otu188,Bacteria,Firmicutes,Clostridia,Clostridiales,Lachnospiraceae,Cuneatibacter,na
Otu191,Bacteria,Firmicutes,Clostridia,Clostridiales,Ruminococcaceae,Dysosmobacter,na
Otu192,Bacteria,Firmicutes,Clostridia,Clostridiales,Ruminococcaceae,Flavonifractor,na
Otu190,Eukaryota,Plantae,Liliopsida,Poales,Poaceae,Zea,na
Otu193,Bacteria,Firmicutes,Clostridia,Clostridiales,Ruminococcaceae,Harryflintia,na
Otu195,Bacteria,Firmicutes,Clostridia,Clostridiales,Ruminococcaceae,na,na
Otu196,Bacteria,Firmicutes,Clostridia,Clostridiales,Ruminococcaceae,Dysosmobacter,na
Otu194,Bacteria,Firmicutes,Bacilli,Lactobacillales,Lactobacillaceae,Lactobacillus,na
Otu197,Bacteria,Firmicutes,Clostridia,Clostridiales,na,na,na
Otu198,Bacteria,Firmicutes,Clostridia,Clostridiales,Lachnospiraceae,Shuttleworthia,na
Otu200,Bacteria,Bacteroidetes,Bacteroidia,Bacteroidales,Bacteroidaceae,Bacteroides,na
Otu201,Bacteria,Bacteroidetes,Bacteroidia,Bacteroidales,na,na,na
Otu199,Bacteria,Firmicutes,Clostridia,Clostridiales,Clostridiales_Incertae_Sedis_XIII,Mogibacterium,na
Otu202,Bacteria,Firmicutes,Clostridia,Clostridiales,Ruminococcaceae,Tepidibaculum,na
Otu203,Bacteria,Bacteroidetes,Bacteroidia,Bacteroidales,Muribaculaceae,Muribaculum,na
Otu205,Bacteria,Firmicutes,Clostridia,Clostridiales,Lachnospiraceae,Hungatella,na
Otu204,Bacteria,Firmicutes,Clostridia,Clostridiales,Lachnospiraceae,Falcatimonas,na
Otu207,Bacteria,Firmicutes,Clostridia,Clostridiales,Lachnospiraceae,Butyrivibrio,na
Otu206,Bacteria,Firmicutes,Clostridia,Clostridiales,Ruminococcaceae,Harryflintia,na
Otu208,Bacteria,Firmicutes,Clostridia,Clostridiales,Ruminococcaceae,na,na
Otu209,Bacteria,Firmicutes,Clostridia,Clostridiales,na,na,na
Otu211,Bacteria,Firmicutes,Clostridia,Clostridiales,Lachnospiraceae,na,na
Otu213,Bacteria,Firmicutes,Clostridia,Clostridiales,Lachnospiraceae,na,na
Otu210,Bacteria,Firmicutes,Clostridia,Clostridiales,na,na,na
Otu212,Bacteria,Firmicutes,Clostridia,Clostridiales,Ruminococcaceae,Lawsonibacter,na
Otu215,Bacteria,Bacteroidetes,Bacteroidia,Bacteroidales,Rikenellaceae,Alistipes,na
Otu216,Bacteria,Firmicutes,Clostridia,Clostridiales,Lachnospiraceae,Hespellia,na
Otu217,Bacteria,Firmicutes,Clostridia,Clostridiales,Lachnospiraceae,na,na
Otu214,Bacteria,Actinobacteria,Actinobacteria,Bifidobacteriales,Bifidobacteriaceae,Bifidobacterium,na
Otu218,Bacteria,Firmicutes,Clostridia,Clostridiales,Lachnospiraceae,na,na
Otu219,Eukaryota,Plantae,Liliopsida,Poales,Poaceae,Zea,na
Otu221,Bacteria,Bacteroidetes,Bacteroidia,Bacteroidales,Bacteroidaceae,Bacteroides,na
Otu220,Bacteria,Firmicutes,Clostridia,Clostridiales,Ruminococcaceae,Anaerotruncus,na
Otu223,Bacteria,Firmicutes,Clostridia,Clostridiales,Lachnospiraceae,na,na
Otu222,Bacteria,Firmicutes,Clostridia,Clostridiales,Clostridiaceae_1,Clostridium_sensu_stricto,na
Otu226,Bacteria,Tenericutes,Mollicutes,Acholeplasmatales,Acholeplasmataceae,Acholeplasma,na
Otu224,Bacteria,Firmicutes,Clostridia,Clostridiales,Peptostreptococcaceae,na,na
Otu227,Bacteria,Bacteroidetes,Bacteroidia,Bacteroidales,na,na,na
Otu225,Bacteria,Firmicutes,Clostridia,Clostridiales,Ruminococcaceae,Ruminococcus,na
Otu228,Bacteria,Firmicutes,Clostridia,Clostridiales,Ruminococcaceae,Monoglobus,na
Otu229,Bacteria,Bacteroidetes,Bacteroidia,Bacteroidales,na,na,na
Otu230,Bacteria,Bacteroidetes,Bacteroidia,Bacteroidales,Rikenellaceae,Alistipes,na
Otu233,Bacteria,Firmicutes,Clostridia,Clostridiales,Lachnospiraceae,Clostridium_XlVa,na
Otu231,Bacteria,Firmicutes,Clostridia,Clostridiales,na,na,na
Otu232,Bacteria,Deferribacteres,Deferribacteres,Deferribacterales,Deferribacteraceae,Mucispirillum,na
Otu236,Bacteria,Firmicutes,Clostridia,Clostridiales,Lachnospiraceae,na,na
Otu234,Bacteria,Firmicutes,Clostridia,Clostridiales,Lachnospiraceae,Clostridium_XlVa,na
Otu237,Bacteria,Firmicutes,Clostridia,Clostridiales,Lachnospiraceae,na,na
Otu238,Bacteria,Firmicutes,Clostridia,Clostridiales,Eubacteriaceae,Intestinibacillus,na
Otu235,Bacteria,Firmicutes,Bacilli,Bacillales,Bacillaceae_1,Saccharococcus,na
Otu240,Bacteria,Bacteroidetes,Bacteroidia,Bacteroidales,Rikenellaceae,Alistipes,na
Otu239,Bacteria,Firmicutes,Clostridia,Clostridiales,Lachnospiraceae,na,na
Otu244,Bacteria,Proteobacteria,na,na,na,na,na
Otu241,Bacteria,Firmicutes,Clostridia,Clostridiales,na,na,na
Otu245,Bacteria,Firmicutes,Clostridia,Clostridiales,Ruminococcaceae,na,na
Otu243,Bacteria,Firmicutes,Bacilli,Lactobacillales,Lactobacillaceae,na,na
Otu246,Bacteria,Firmicutes,Clostridia,Clostridiales,Ruminococcaceae,Clostridium_IV,na
Otu247,Bacteria,Firmicutes,Clostridia,Clostridiales,Ruminococcaceae,Harryflintia,na
Otu248,Bacteria,Firmicutes,Clostridia,Clostridiales,Lachnospiraceae,Cellulosilyticum,na
Otu250,Bacteria,Firmicutes,na,na,na,na,na
Otu249,Bacteria,Bacteroidetes,Bacteroidia,Bacteroidales,Rikenellaceae,Alistipes,na
Otu252,Bacteria,na,na,na,na,na,na
Otu251,Bacteria,Firmicutes,Clostridia,Clostridiales,Ruminococcaceae,na,na
Otu253,Bacteria,Bacteroidetes,Bacteroidia,Bacteroidales,Bacteroidaceae,Bacteroides,na
Otu255,Bacteria,Tenericutes,Mollicutes,Acholeplasmatales,Acholeplasmataceae,Acholeplasma,na
Otu254,Bacteria,Firmicutes,Clostridia,Clostridiales,na,na,na
Otu256,Bacteria,Bacteroidetes,Sphingobacteriia,Sphingobacteriales,Sphingobacteriaceae,Pseudopedobacter,na
Otu258,Bacteria,Bacteroidetes,Bacteroidia,Bacteroidales,Rikenellaceae,Alistipes,na
Otu259,Bacteria,Firmicutes,Clostridia,Clostridiales,Lachnospiraceae,Clostridium_XlVa,na
Otu257,Bacteria,Actinobacteria,Coriobacteriia,na,na,na,na
Otu260,Bacteria,Firmicutes,Clostridia,Clostridiales,Ruminococcaceae,na,na
Otu242,Bacteria,Firmicutes,Clostridia,Clostridiales,Ruminococcaceae,na,na
Otu261,Bacteria,Cyanobacteria/Chloroplast,Chloroplast,na,Chloroplast,Streptophyta,na
Otu262,Bacteria,Firmicutes,Clostridia,Clostridiales,Lachnospiraceae,na,na
Otu266,Bacteria,na,na,na,na,na,na
Otu263,Bacteria,Bacteroidetes,na,na,na,na,na
Otu264,Bacteria,Firmicutes,Erysipelotrichia,Erysipelotrichales,Erysipelotrichaceae,Faecalibaculum,na
Otu269,Bacteria,Firmicutes,Clostridia,Clostridiales,Lachnospiraceae,na,na
Otu267,Bacteria,Firmicutes,Erysipelotrichia,Erysipelotrichales,Erysipelotrichaceae,Sharpea,na
Otu265,Bacteria,Proteobacteria,Alphaproteobacteria,Sphingomonadales,Sphingomonadaceae,Sphingomonas,na
Otu271,Bacteria,na,na,na,na,na,na
Otu268,Bacteria,Firmicutes,Clostridia,Clostridiales,Clostridiaceae_3,Brassicibacter,na
Otu272,Bacteria,Bacteroidetes,Bacteroidia,Bacteroidales,Marinilabiliaceae,na,na
Otu274,Bacteria,Bacteroidetes,na,na,na,na,na
Otu273,Bacteria,Bacteroidetes,Bacteroidia,Bacteroidales,na,na,na
Otu276,Bacteria,na,na,na,na,na,na
Otu279,Bacteria,na,na,na,na,na,na
Otu275,Bacteria,Firmicutes,Erysipelotrichia,Erysipelotrichales,Erysipelotrichaceae,na,na
Otu277,Bacteria,Firmicutes,na,na,na,na,na
Otu278,Bacteria,Firmicutes,Clostridia,Clostridiales,na,na,na
Otu280,Bacteria,Bacteroidetes,Bacteroidia,Bacteroidales,Odoribacteraceae,Odoribacter,na
Otu282,Bacteria,Firmicutes,Clostridia,Clostridiales,Lachnospiraceae,na,na
Otu283,Bacteria,na,na,na,na,na,na
Otu285,Bacteria,na,na,na,na,na,na
Otu284,Bacteria,na,na,na,na,na,na
Otu281,Bacteria,Proteobacteria,Alphaproteobacteria,Rhizobiales,Bradyrhizobiaceae,Bradyrhizobium,na
Otu290,Bacteria,na,na,na,na,na,na
Otu292,Bacteria,na,na,na,na,na,na
Otu287,Bacteria,Verrucomicrobia,Verrucomicrobiae,Verrucomicrobiales,Akkermansiaceae,Akkermansia,na
Otu289,Bacteria,Bacteroidetes,Cytophagia,Cytophagales,na,na,na
Otu286,Bacteria,Firmicutes,na,na,na,na,na
Otu294,Bacteria,na,na,na,na,na,na
Otu288,Bacteria,Firmicutes,Bacilli,Bacillales,Staphylococcaceae,Salinicoccus,na
Otu270,Bacteria,Actinobacteria,Actinobacteria,Micrococcales,Microbacteriaceae,Compostimonas,na
Otu293,Bacteria,Actinobacteria,Coriobacteriia,Coriobacteriales,Coriobacteriaceae,Senegalimassilia,na
Otu291,Bacteria,Proteobacteria,Alphaproteobacteria,Rhizobiales,Phyllobacteriaceae,Mesorhizobium,na
Otu296,Bacteria,na,na,na,na,na,na
Otu295,Bacteria,Chlorobi,Chlorobia,Chlorobiales,Chlorobiaceae,na,na
Otu298,Bacteria,na,na,na,na,na,na
Otu297,Bacteria,Bacteroidetes,Bacteroidia,Bacteroidales,na,na,na
Otu300,Bacteria,Proteobacteria,na,na,na,na,na
Otu303,Bacteria,na,na,na,na,na,na
Otu299,Bacteria,Actinobacteria,Coriobacteriia,Coriobacteriales,Atopobiaceae,Olsenella,na
Otu305,Bacteria,na,na,na,na,na,na
Otu304,Bacteria,Firmicutes,Clostridia,Clostridiales,Lachnospiraceae,Lachnobacterium,na
Otu306,Bacteria,na,na,na,na,na,na
Otu301,Bacteria,Proteobacteria,Deltaproteobacteria,Desulfovibrionales,Desulfovibrionaceae,Desulfovibrio,na
Otu308,Bacteria,na,na,na,na,na,na
Otu307,Bacteria,Firmicutes,Clostridia,Clostridiales,Lachnospiraceae,Roseburia,na
Otu302,Bacteria,Firmicutes,na,na,na,na,na
Otu311,Bacteria,na,na,na,na,na,na
Otu310,Bacteria,Firmicutes,Clostridia,na,na,na,na
Otu313,Bacteria,na,na,na,na,na,na
Otu309,Bacteria,Firmicutes,Erysipelotrichia,Erysipelotrichales,Erysipelotrichaceae,Bulleidia,na
Otu314,Bacteria,Firmicutes,Erysipelotrichia,Erysipelotrichales,Erysipelotrichaceae,Sharpea,na
Otu319,Bacteria,na,na,na,na,na,na
Otu312,Bacteria,Synergistetes,Synergistia,Synergistales,Synergistaceae,Pyramidobacter,na
Otu316,Bacteria,Spirochaetes,Spirochaetia,Spirochaetales,Spirochaetaceae,Treponema,na
Otu317,Bacteria,Bacteroidetes,Cytophagia,Cytophagales,Fulvivirgaceae,Ohtaekwangia,na
Otu315,Bacteria,Actinobacteria,Actinobacteria,Streptosporangiales,na,na,na
Otu320,Bacteria,na,na,na,na,na,na
Otu322,Bacteria,na,na,na,na,na,na
Otu324,Bacteria,na,na,na,na,na,na
Otu326,Bacteria,Firmicutes,na,na,na,na,na
Otu321,Bacteria,Firmicutes,Bacilli,Lactobacillales,Lactobacillaceae,na,na
Otu327,Bacteria,na,na,na,na,na,na
Otu323,Bacteria,Firmicutes,Clostridia,Clostridiales,Lachnospiraceae,na,na
Otu328,Bacteria,Firmicutes,na,na,na,na,na
Otu325,Bacteria,Firmicutes,Clostridia,Clostridiales,Lachnospiraceae,Blautia,na
Otu318,Bacteria,Firmicutes,Erysipelotrichia,Erysipelotrichales,Erysipelotrichaceae,Clostridium_XVIII,na
Otu330,Bacteria,Firmicutes,Clostridia,Clostridiales,Lachnospiraceae,Cellulosilyticum,na
Otu329,Eukaryota,Plantae,Liliopsida,Poales,Poaceae,Zea,na
Otu334,Bacteria,na,na,na,na,na,na
Otu332,Bacteria,Firmicutes,Bacilli,Lactobacillales,Streptococcaceae,Streptococcus,na
Otu331,Bacteria,Bacteroidetes,Bacteroidia,Bacteroidales,na,na,na
Otu336,Bacteria,Firmicutes,Clostridia,Clostridiales,Lachnospiraceae,Roseburia,na
Otu335,Bacteria,Firmicutes,Clostridia,Clostridiales,Lachnospiraceae,Clostridium_XlVa,na
Otu333,Bacteria,Bacteroidetes,Cytophagia,Cytophagales,Cytophagaceae,na,na
Otu337,Bacteria,na,na,na,na,na,na
Otu338,Bacteria,na,na,na,na,na,na
Otu341,Bacteria,Firmicutes,Clostridia,Clostridiales,Lachnospiraceae,Roseburia,na
Otu339,Bacteria,Proteobacteria,Gammaproteobacteria,na,na,na,na
Otu347,Bacteria,Firmicutes,na,na,na,na,na
Otu343,Bacteria,Firmicutes,Bacilli,Lactobacillales,na,na,na
Otu344,Bacteria,Firmicutes,Clostridia,Clostridiales,Ruminococcaceae,na,na
Otu345,Bacteria,Firmicutes,Clostridia,Clostridiales,Lachnospiraceae,na,na
Otu340,Bacteria,Proteobacteria,Gammaproteobacteria,Enterobacterales,Enterobacteriaceae,Citrobacter,na
Otu342,Bacteria,Actinobacteria,Coriobacteriia,Eggerthellales,Eggerthellaceae,Raoultibacter,na
Otu346,Bacteria,Firmicutes,Erysipelotrichia,Erysipelotrichales,Erysipelotrichaceae,na,na
Otu348,Bacteria,na,na,na,na,na,na
Otu353,Bacteria,na,na,na,na,na,na
Otu349,Bacteria,Bacteroidetes,Bacteroidia,Bacteroidales,Dysgonomonadaceae,Dysgonomonas,na
Otu351,Bacteria,na,na,na,na,na,na
Otu350,Bacteria,Firmicutes,Bacilli,Lactobacillales,Streptococcaceae,Streptococcus,na
Otu352,Bacteria,Bacteroidetes,Cytophagia,Cytophagales,Cytophagaceae,Cytophaga,na
Otu355,Bacteria,Actinobacteria,Actinobacteria,Micrococcales,Microbacteriaceae,na,na
Otu356,Bacteria,Firmicutes,na,na,na,na,na
Otu354,Bacteria,Firmicutes,Clostridia,Clostridiales,Christensenellaceae,Christensenella,na
Otu359,Bacteria,Firmicutes,Clostridia,Clostridiales,na,na,na
Otu361,Bacteria,Bacteroidetes,na,na,na,na,na
Otu357,Bacteria,Firmicutes,Bacilli,na,na,na,na
Otu363,Bacteria,na,na,na,na,na,na
Otu360,Bacteria,Bacteroidetes,Bacteroidia,Bacteroidales,na,na,na
Otu362,Bacteria,Firmicutes,Clostridia,Clostridiales,Lachnospiraceae,Lachnospiracea_incertae_sedis,na
Otu364,Bacteria,na,na,na,na,na,na
Otu358,Bacteria,Bacteroidetes,Bacteroidia,Bacteroidales,na,na,na
Otu366,Bacteria,na,na,na,na,na,na
Otu365,Bacteria,Firmicutes,Clostridia,Clostridiales,na,na,na
Otu371,Bacteria,Proteobacteria,na,na,na,na,na
Otu367,Bacteria,Firmicutes,Clostridia,Clostridiales,Lachnospiraceae,na,na
Otu369,Bacteria,Bacteroidetes,Bacteroidia,Bacteroidales,na,na,na
Otu370,Bacteria,Bacteroidetes,Bacteroidia,Bacteroidales,Muribaculaceae,Duncaniella,na
Otu375,Bacteria,Actinobacteria,na,na,na,na,na
Otu373,Bacteria,Firmicutes,Clostridia,Clostridiales,Lachnospiraceae,na,na
Otu368,Bacteria,Proteobacteria,Betaproteobacteria,Burkholderiales,Sutterellaceae,Turicimonas,na
Otu372,Bacteria,Bacteroidetes,Cytophagia,Cytophagales,na,na,na
Otu377,Bacteria,na,na,na,na,na,na
Otu376,Bacteria,Firmicutes,Clostridia,Clostridiales,Lachnospiraceae,na,na
Otu378,Bacteria,Firmicutes,Clostridia,Clostridiales,Lachnospiraceae,na,na
Otu379,Bacteria,Firmicutes,Bacilli,Lactobacillales,Streptococcaceae,Streptococcus,na
Otu382,Bacteria,na,na,na,na,na,na
Otu380,Bacteria,Firmicutes,Clostridia,Clostridiales,Lachnospiraceae,Mediterraneibacter,na
Otu374,Bacteria,Actinobacteria,Actinobacteria,Micrococcales,Micrococcaceae,Pseudarthrobacter,na
Otu381,Bacteria,Firmicutes,na,na,na,na,na
Otu383,Bacteria,Firmicutes,Clostridia,Clostridiales,Ruminococcaceae,na,na
Otu385,Bacteria,na,na,na,na,na,na
Otu384,Bacteria,Firmicutes,Clostridia,Clostridiales,Peptococcaceae_2,Desulfotomaculum,na
Otu386,Bacteria,Bacteroidetes,Cytophagia,Cytophagales,Cytophagaceae,na,na
Otu387,Bacteria,Bacteroidetes,Cytophagia,Cytophagales,Cytophagaceae,na,na
Otu389,Bacteria,Firmicutes,Bacilli,Lactobacillales,Lactobacillaceae,Lactobacillus,na
Otu390,Bacteria,Firmicutes,Clostridia,Clostridiales,Ruminococcaceae,na,na
Otu393,Bacteria,Firmicutes,Clostridia,Clostridiales,Ruminococcaceae,Colidextribacter,na
Otu391,Bacteria,Firmicutes,na,na,na,na,na
Otu394,Bacteria,Firmicutes,Clostridia,Clostridiales,Lachnospiraceae,na,na
Otu388,Bacteria,Actinobacteria,Actinobacteria,Mycobacteriales,Mycobacteriaceae,Mycobacterium,na
Otu392,Bacteria,Firmicutes,Bacilli,Lactobacillales,Streptococcaceae,Streptococcus,na
Otu397,Bacteria,na,na,na,na,na,na
Otu399,Bacteria,na,na,na,na,na,na
Otu398,Bacteria,Firmicutes,Clostridia,Clostridiales,Lachnospiraceae,Enterocloster,na
Otu396,Bacteria,Firmicutes,Clostridia,Clostridiales,Lachnospiraceae,Lachnospiracea_incertae_sedis,na
Otu400,Bacteria,Firmicutes,Clostridia,Clostridiales,Lachnospiraceae,Anaerostipes,na
Otu402,Bacteria,Firmicutes,Clostridia,Clostridiales,Lachnospiraceae,na,na
Otu395,Bacteria,Firmicutes,Clostridia,Clostridiales,Lachnospiraceae,Syntrophococcus,na
Otu404,Bacteria,Firmicutes,Clostridia,Clostridiales,Lachnospiraceae,Roseburia,na
Otu403,Bacteria,Firmicutes,Clostridia,Clostridiales,Lachnospiraceae,na,na
Otu401,Bacteria,Firmicutes,Clostridia,Clostridiales,na,na,na
Otu407,Bacteria,na,na,na,na,na,na
Otu409,Bacteria,Bacteroidetes,na,na,na,na,na
Otu412,Bacteria,na,na,na,na,na,na
Otu405,Bacteria,Firmicutes,Clostridia,na,na,na,na
Otu410,Bacteria,Bacteroidetes,Cytophagia,Cytophagales,Cytophagaceae,Emticicia,na
Otu408,Bacteria,Firmicutes,Bacilli,Lactobacillales,Streptococcaceae,Lactococcus,na
Otu411,Bacteria,Firmicutes,Clostridia,Clostridiales,Ruminococcaceae,na,na
Otu406,Bacteria,Firmicutes,Clostridia,Clostridiales,Clostridiaceae_1,na,na
Otu414,Bacteria,Firmicutes,na,na,na,na,na
Otu413,Bacteria,Firmicutes,Bacilli,Lactobacillales,Streptococcaceae,Streptococcus,na
Otu415,Bacteria,na,na,na,na,na,na
Otu418,Bacteria,na,na,na,na,na,na
Otu417,Bacteria,na,na,na,na,na,na
Otu424,Bacteria,na,na,na,na,na,na
Otu423,Bacteria,na,na,na,na,na,na
Otu420,Bacteria,Firmicutes,Clostridia,Clostridiales,na,na,na
Otu416,Bacteria,Bacteroidetes,Cytophagia,Cytophagales,Cytophagaceae,Emticicia,na
Otu425,Bacteria,Firmicutes,Clostridia,Clostridiales,Ruminococcaceae,na,na
Otu421,Bacteria,Firmicutes,Clostridia,Clostridiales,Peptostreptococcaceae,na,na
Otu422,Bacteria,Bacteroidetes,Bacteroidia,Bacteroidales,Bacteroidaceae,Bacteroides,na
Otu426,Bacteria,na,na,na,na,na,na
Otu419,Bacteria,Proteobacteria,Betaproteobacteria,Burkholderiales,Comamonadaceae,Aquabacterium,na
Otu432,Bacteria,na,na,na,na,na,na
Otu427,Bacteria,Firmicutes,Clostridia,Clostridiales,Clostridiaceae_1,Clostridium_sensu_stricto,na
Otu434,Bacteria,na,na,na,na,na,na
Otu428,Bacteria,Firmicutes,Erysipelotrichia,Erysipelotrichales,Erysipelotrichaceae,Faecalicoccus,na
Otu431,Bacteria,Ignavibacteriae,Ignavibacteria,Ignavibacteriales,Ignavibacteriaceae,Melioribacter,na
Otu430,Bacteria,Bacteroidetes,Bacteroidia,Bacteroidales,na,na,na
Otu429,Bacteria,Firmicutes,Clostridia,Clostridiales,na,na,na
Otu433,Bacteria,Firmicutes,Clostridia,Clostridiales,Ruminococcaceae,na,na
Otu436,Bacteria,Firmicutes,Clostridia,Clostridiales,Ruminococcaceae,Dysosmobacter,na
Otu438,Bacteria,na,na,na,na,na,na
Otu435,Bacteria,Proteobacteria,Betaproteobacteria,Burkholderiales,Oxalobacteraceae,Oxalicibacterium,na
Otu440,Bacteria,na,na,na,na,na,na
Otu439,Bacteria,Firmicutes,Clostridia,Clostridiales,Ruminococcaceae,na,na
Otu444,Bacteria,Firmicutes,Clostridia,Clostridiales,Lachnospiraceae,Hespellia,na
Otu437,Bacteria,Firmicutes,Erysipelotrichia,Erysipelotrichales,Erysipelotrichaceae,Allobaculum,na
Otu441,Bacteria,Firmicutes,Clostridia,Clostridiales,Lachnospiraceae,na,na
Otu443,Bacteria,na,na,na,na,na,na
Otu445,Bacteria,na,na,na,na,na,na
Otu447,Bacteria,na,na,na,na,na,na
Otu448,Bacteria,Bacteroidetes,na,na,na,na,na
Otu442,Bacteria,Firmicutes,Bacilli,Lactobacillales,na,na,na
Otu446,Bacteria,Firmicutes,Clostridia,Clostridiales,Ruminococcaceae,Pseudoflavonifractor,na
Otu449,Bacteria,na,na,na,na,na,na
Otu452,Bacteria,na,na,na,na,na,na
Otu450,Bacteria,na,na,na,na,na,na
Otu454,Bacteria,na,na,na,na,na,na
Otu453,Bacteria,Bacteroidetes,Bacteroidia,Bacteroidales,na,na,na
Otu456,Bacteria,Firmicutes,Clostridia,Clostridiales,Lachnospiraceae,na,na
Otu451,Bacteria,na,na,na,na,na,na
Otu458,Bacteria,na,na,na,na,na,na
Otu457,Bacteria,Bacteroidetes,Bacteroidia,Bacteroidales,na,na,na
Otu455,Bacteria,Firmicutes,Clostridia,Clostridiales,Lachnospiraceae,na,na
Otu461,Archaea,na,na,na,na,na,na
Otu460,Bacteria,Firmicutes,Clostridia,Clostridiales,Lachnospiraceae,Merdimonas,na
Otu463,Bacteria,na,na,na,na,na,na
Otu459,Bacteria,Firmicutes,Clostridia,Clostridiales,Ruminococcaceae,Oscillibacter,na
Otu465,Bacteria,na,na,na,na,na,na
Otu462,Bacteria,Firmicutes,Clostridia,Clostridiales,na,na,na
Otu467,Bacteria,na,na,na,na,na,na
Otu464,Bacteria,Firmicutes,Clostridia,Clostridiales,Lachnospiraceae,na,na
Otu466,Bacteria,na,na,na,na,na,na
Otu468,Bacteria,Firmicutes,Clostridia,Clostridiales,Ruminococcaceae,Flintibacter,na
Otu470,Bacteria,Bacteroidetes,Bacteroidia,Bacteroidales,na,na,na
Otu473,Bacteria,na,na,na,na,na,na
Otu471,Bacteria,Firmicutes,Clostridia,Clostridiales,Lachnospiraceae,Butyrivibrio,na
Otu469,Bacteria,Actinobacteria,Coriobacteriia,Eggerthellales,Eggerthellaceae,Adlercreutzia,na
Otu475,Bacteria,na,na,na,na,na,na
Otu472,Bacteria,Firmicutes,Bacilli,Lactobacillales,Lactobacillaceae,Lactobacillus,na
Otu478,Bacteria,Firmicutes,Clostridia,Clostridiales,Eubacteriaceae,Eubacterium,na
Otu476,Bacteria,Firmicutes,Bacilli,Lactobacillales,na,na,na
Otu479,Bacteria,Bacteroidetes,Bacteroidia,Bacteroidales,na,na,na
Otu474,Bacteria,Actinobacteria,Actinobacteria,Mycobacteriales,Corynebacteriaceae,Corynebacterium,na
Otu483,Bacteria,na,na,na,na,na,na
Otu477,Bacteria,Firmicutes,na,na,na,na,na
Otu482,Bacteria,na,na,na,na,na,na
Otu481,Bacteria,Firmicutes,Clostridia,Clostridiales,Lachnospiraceae,Moryella,na
Otu480,Bacteria,Firmicutes,Erysipelotrichia,Erysipelotrichales,Erysipelotrichaceae,Allobaculum,na
Otu485,Bacteria,na,na,na,na,na,na
Otu484,Bacteria,na,na,na,na,na,na
Otu487,Bacteria,na,na,na,na,na,na
Otu488,Bacteria,Firmicutes,Clostridia,Clostridiales,Lachnospiraceae,na,na
Otu486,Bacteria,na,na,na,na,na,na
Otu490,Bacteria,Firmicutes,Clostridia,Clostridiales,Lachnospiraceae,na,na
Otu491,Bacteria,Firmicutes,Clostridia,Clostridiales,Ruminococcaceae,Acetanaerobacterium,na
Otu492,Bacteria,Firmicutes,Bacilli,Lactobacillales,Lactobacillaceae,Leuconostoc,na
Otu494,Bacteria,Firmicutes,Clostridia,Clostridiales,Lachnospiraceae,Clostridium_XlVa,na
Otu493,Bacteria,Firmicutes,Bacilli,Lactobacillales,Lactobacillaceae,na,na
Otu489,Bacteria,Actinobacteria,Actinobacteria,Streptomycetales,Streptomycetaceae,Streptomyces,na
Otu496,Bacteria,Firmicutes,Bacilli,Lactobacillales,Streptococcaceae,Lactococcus,na
Otu495,Bacteria,Firmicutes,Erysipelotrichia,Erysipelotrichales,Erysipelotrichaceae,Erysipelothrix,na
Otu499,Bacteria,na,na,na,na,na,na
Otu498,Bacteria,Firmicutes,Clostridia,Clostridiales,Lachnospiraceae,na,na
Otu501,Bacteria,Bacteroidetes,Bacteroidia,Bacteroidales,na,na,na
Otu497,Bacteria,Firmicutes,Clostridia,Clostridiales,na,na,na
Otu503,Bacteria,na,na,na,na,na,na
Otu504,Bacteria,na,na,na,na,na,na
Otu500,Bacteria,Proteobacteria,Alphaproteobacteria,Rhizobiales,Devosiaceae,Paradevosia,na
Otu505,Bacteria,Bacteroidetes,Bacteroidia,Bacteroidales,na,na,na
Otu507,Archaea,Euryarchaeota,Halobacteria,na,na,na,na
Otu506,Bacteria,Firmicutes,Clostridia,Clostridiales,Lachnospiraceae,na,na
Otu502,Bacteria,Proteobacteria,na,na,na,na,na
Otu509,Bacteria,na,na,na,na,na,na
Otu508,Bacteria,Acidobacteria,Acidobacteria_Gp4,na,na,Gp4,na
Otu511,Bacteria,Firmicutes,Clostridia,Clostridiales,Lachnospiraceae,na,na
Otu513,Bacteria,Verrucomicrobia,Verrucomicrobiae,Verrucomicrobiales,Verrucomicrobiaceae,na,na
Otu514,Bacteria,Firmicutes,na,na,na,na,na
Otu512,Bacteria,Firmicutes,Clostridia,Clostridiales,Lachnospiraceae,na,na
Otu516,Bacteria,na,na,na,na,na,na
Otu510,Bacteria,Proteobacteria,Betaproteobacteria,Burkholderiales,Oxalobacteraceae,Massilia,na
Otu518,Bacteria,na,na,na,na,na,na
Otu515,Bacteria,Firmicutes,Clostridia,Clostridiales,Ruminococcaceae,Anaerotruncus,na
Otu517,Bacteria,Firmicutes,na,na,na,na,na
Otu520,Bacteria,na,na,na,na,na,na
Otu519,Bacteria,Firmicutes,Clostridia,Clostridiales,Ruminococcaceae,Oscillibacter,na
Otu521,Bacteria,na,na,na,na,na,na
Otu522,Bacteria,na,na,na,na,na,na
Otu526,Bacteria,na,na,na,na,na,na
Otu524,Bacteria,Firmicutes,Clostridia,Clostridiales,Lachnospiraceae,na,na
Otu527,Bacteria,Firmicutes,Clostridia,Clostridiales,na,na,na
Otu528,Bacteria,na,na,na,na,na,na
Otu523,Bacteria,Firmicutes,Clostridia,Clostridiales,Ruminococcaceae,na,na
Otu530,Bacteria,na,na,na,na,na,na
Otu525,Bacteria,Actinobacteria,Actinobacteria,Micrococcales,Microbacteriaceae,Leifsonia,na
Otu529,Bacteria,Firmicutes,Clostridia,Clostridiales,Lachnospiraceae,Lachnoanaerobaculum,na
Otu533,Bacteria,na,na,na,na,na,na
Otu534,Bacteria,na,na,na,na,na,na
Otu535,Bacteria,Firmicutes,Clostridia,Clostridiales,Lachnospiraceae,na,na
Otu532,Bacteria,Actinobacteria,Coriobacteriia,Coriobacteriales,Atopobiaceae,Olsenella,na
Otu531,Bacteria,Firmicutes,Bacilli,Lactobacillales,Lactobacillaceae,na,na
Otu537,Bacteria,Bacteroidetes,Bacteroidia,Bacteroidales,Porphyromonadaceae,Porphyromonas,na
Otu538,Bacteria,na,na,na,na,na,na
Otu539,Bacteria,Firmicutes,na,na,na,na,na
Otu545,Bacteria,na,na,na,na,na,na
Otu540,Bacteria,Actinobacteria,Coriobacteriia,na,na,na,na
Otu541,Bacteria,Firmicutes,Bacilli,Lactobacillales,Lactobacillaceae,Amylolactobacillus,na
Otu542,Bacteria,Firmicutes,Bacilli,Lactobacillales,Streptococcaceae,Floricoccus,na
Otu544,Bacteria,Firmicutes,Clostridia,Clostridiales,na,na,na
Otu536,Bacteria,Actinobacteria,na,na,na,na,na
Otu546,Bacteria,Firmicutes,Clostridia,Clostridiales,Ruminococcaceae,Dysosmobacter,na
Otu543,Bacteria,Firmicutes,Clostridia,Clostridiales,Lachnospiraceae,na,na
Otu547,Bacteria,Firmicutes,Clostridia,Clostridiales,Ruminococcaceae,Pseudoflavonifractor,na
Otu548,Bacteria,Firmicutes,Clostridia,Clostridiales,Lachnospiraceae,Parasporobacterium,na
Otu552,Bacteria,na,na,na,na,na,na
Otu551,Bacteria,na,na,na,na,na,na
Otu555,Bacteria,na,na,na,na,na,na
Otu550,Bacteria,Verrucomicrobia,Verrucomicrobiae,Verrucomicrobiales,Akkermansiaceae,Akkermansia,na
Otu556,Bacteria,na,na,na,na,na,na
Otu553,Bacteria,Firmicutes,Erysipelotrichia,Erysipelotrichales,Erysipelotrichaceae,Amedibacillus,na
Otu557,Bacteria,Actinobacteria,Actinobacteria,na,na,na,na
Otu554,Bacteria,Firmicutes,Clostridia,Clostridiales,na,na,na
Otu549,Bacteria,na,na,na,na,na,na
Otu558,Bacteria,Firmicutes,Bacilli,Lactobacillales,Lactobacillaceae,Lactobacillus,na
Otu560,Bacteria,na,na,na,na,na,na
Otu563,Bacteria,Firmicutes,Bacilli,na,na,na,na
Otu559,Bacteria,Firmicutes,Clostridia,Clostridiales,na,na,na
Otu562,Bacteria,Firmicutes,Clostridia,Clostridiales,Lachnospiraceae,na,na
Otu561,Bacteria,na,na,na,na,na,na
Otu565,Bacteria,Bacteroidetes,Bacteroidia,Bacteroidales,Bacteroidaceae,Phocaeicola,na
Otu564,Bacteria,Firmicutes,Clostridia,Clostridiales,na,na,na
Otu566,Bacteria,Bacteroidetes,Bacteroidia,Bacteroidales,Bacteroidaceae,Phocaeicola,na
Otu569,Bacteria,na,na,na,na,na,na
Otu567,Bacteria,Firmicutes,Clostridia,Clostridiales,Lachnospiraceae,Marvinbryantia,na
Otu571,Bacteria,Firmicutes,na,na,na,na,na
Otu572,Bacteria,na,na,na,na,na,na
Otu570,Bacteria,Firmicutes,Clostridia,Clostridiales,Lachnospiraceae,na,na
Otu568,Bacteria,Firmicutes,Bacilli,Lactobacillales,Lactobacillaceae,na,na
Otu573,Bacteria,Firmicutes,Clostridia,Clostridiales,Lachnospiraceae,Coprococcus,na
Otu574,Bacteria,Firmicutes,Clostridia,Clostridiales,Lachnospiraceae,na,na
Otu576,Bacteria,Bacteroidetes,Bacteroidia,Bacteroidales,Bacteroidaceae,na,na
Otu575,Bacteria,Firmicutes,Clostridia,Clostridiales,na,na,na
Otu577,Bacteria,Bacteroidetes,na,na,na,na,na
Otu580,Bacteria,na,na,na,na,na,na
Otu579,Bacteria,na,na,na,na,na,na
Otu578,Bacteria,na,na,na,na,na,na
Otu582,Bacteria,na,na,na,na,na,na
Otu586,Bacteria,na,na,na,na,na,na
Otu583,Bacteria,Firmicutes,Clostridia,Clostridiales,Lachnospiraceae,na,na
Otu584,Bacteria,Firmicutes,Clostridia,Clostridiales,Lachnospiraceae,na,na
Otu588,Bacteria,na,na,na,na,na,na
Otu587,Bacteria,Firmicutes,Clostridia,Clostridiales,Lachnospiraceae,na,na
Otu585,Bacteria,na,na,na,na,na,na
Otu590,Bacteria,Firmicutes,Clostridia,Clostridiales,Lachnospiraceae,na,na
Otu591,Bacteria,na,na,na,na,na,na
Otu589,Bacteria,Firmicutes,Clostridia,Clostridiales,Lachnospiraceae,na,na
Otu581,Bacteria,Firmicutes,na,na,na,na,na
Otu595,Bacteria,na,na,na,na,na,na
Otu592,Bacteria,Firmicutes,Clostridia,Clostridiales,Lachnospiraceae,Roseburia,na
Otu594,Bacteria,Firmicutes,Clostridia,Clostridiales,Lachnospiraceae,na,na
Otu593,Bacteria,Firmicutes,Clostridia,Clostridiales,Lachnospiraceae,na,na
Otu597,Bacteria,na,na,na,na,na,na
Otu601,Bacteria,na,na,na,na,na,na
Otu596,Bacteria,na,na,na,na,na,na
Otu598,Bacteria,Firmicutes,Clostridia,Clostridiales,Ruminococcaceae,na,na
Otu599,Bacteria,Firmicutes,Clostridia,Clostridiales,na,na,na
Otu600,Bacteria,Verrucomicrobia,Verrucomicrobiae,Verrucomicrobiales,Akkermansiaceae,Akkermansia,na
Otu608,Bacteria,Proteobacteria,na,na,na,na,na
Otu606,Bacteria,na,na,na,na,na,na
Otu604,Bacteria,Bacteroidetes,Bacteroidia,Bacteroidales,na,na,na
Otu603,Bacteria,Firmicutes,Clostridia,Clostridiales,Lachnospiraceae,na,na
Otu605,Bacteria,Firmicutes,Clostridia,Clostridiales,Ruminococcaceae,na,na
Otu607,Bacteria,Firmicutes,Clostridia,Clostridiales,na,na,na
Otu602,Bacteria,Proteobacteria,Deltaproteobacteria,Myxococcales,Polyangiaceae,Racemicystis,na
Otu609,Bacteria,Firmicutes,Clostridia,Clostridiales,na,na,na
Otu610,Bacteria,Actinobacteria,Coriobacteriia,Eggerthellales,Eggerthellaceae,na,na
Otu611,Bacteria,Firmicutes,Bacilli,Lactobacillales,Lactobacillaceae,Amylolactobacillus,na
Otu617,Bacteria,na,na,na,na,na,na
Otu615,Bacteria,Firmicutes,Clostridia,Clostridiales,Lachnospiraceae,Butyrivibrio,na
Otu612,Bacteria,Firmicutes,Bacilli,Lactobacillales,Lactobacillaceae,na,na
Otu616,Bacteria,Bacteroidetes,Bacteroidia,Bacteroidales,Muribaculaceae,Duncaniella,na
Otu613,Bacteria,Bacteroidetes,Bacteroidia,Bacteroidales,Bacteroidaceae,na,na
Otu619,Bacteria,Proteobacteria,na,na,na,na,na
Otu614,Bacteria,Firmicutes,na,na,na,na,na
Otu618,Bacteria,Firmicutes,Clostridia,Clostridiales,Ruminococcaceae,na,na
Otu620,Bacteria,na,na,na,na,na,na
Otu622,Bacteria,na,na,na,na,na,na
Otu624,Bacteria,na,na,na,na,na,na
Otu621,Bacteria,Firmicutes,Clostridia,Clostridiales,na,na,na
Otu626,Bacteria,na,na,na,na,na,na
Otu628,Bacteria,na,na,na,na,na,na
Otu625,Bacteria,Firmicutes,Clostridia,Clostridiales,Lachnospiraceae,na,na
Otu627,Bacteria,Firmicutes,Clostridia,Clostridiales,Ruminococcaceae,Oscillibacter,na
Otu623,Bacteria,Firmicutes,Bacilli,Lactobacillales,Lactobacillaceae,na,na
Otu629,Bacteria,Firmicutes,Erysipelotrichia,Erysipelotrichales,Erysipelotrichaceae,na,na
Otu631,Bacteria,Verrucomicrobia,Verrucomicrobiae,Verrucomicrobiales,Akkermansiaceae,Akkermansia,na
Otu630,Bacteria,Firmicutes,Clostridia,Clostridiales,Lachnospiraceae,na,na
Otu634,Bacteria,Firmicutes,Clostridia,Clostridiales,Lachnospiraceae,Coprococcus,na
Otu636,Archaea,na,na,na,na,na,na
Otu633,Bacteria,Chlamydiae,Chlamydiia,Chlamydiales,Parachlamydiaceae,Neochlamydia,na
Otu632,Bacteria,Proteobacteria,Gammaproteobacteria,Pseudomonadales,Pseudomonadaceae,Pseudomonas,na
Otu639,Bacteria,Firmicutes,na,na,na,na,na
Otu635,Bacteria,Firmicutes,Erysipelotrichia,Erysipelotrichales,Erysipelotrichaceae,Allobaculum,na
Otu637,Bacteria,Firmicutes,Clostridia,Clostridiales,Lachnospiraceae,Mediterraneibacter,na
Otu640,Bacteria,na,na,na,na,na,na
Otu638,Bacteria,Firmicutes,Erysipelotrichia,Erysipelotrichales,Erysipelotrichaceae,Allobaculum,na
Otu642,Bacteria,na,na,na,na,na,na
Otu641,Bacteria,Firmicutes,Clostridia,Clostridiales,Lachnospiraceae,Roseburia,na
Otu643,Bacteria,Bacteroidetes,Bacteroidia,Bacteroidales,na,na,na
Otu648,Bacteria,Bacteroidetes,Bacteroidia,Bacteroidales,Muribaculaceae,Muribaculum,na
Otu644,Bacteria,Bacteroidetes,Bacteroidia,Bacteroidales,na,na,na
Otu647,Bacteria,na,na,na,na,na,na
Otu649,Bacteria,Firmicutes,Clostridia,Clostridiales,Lachnospiraceae,na,na
Otu645,Bacteria,Firmicutes,Clostridia,Clostridiales,Lachnospiraceae,Anaerotignum,na
Otu646,Bacteria,Bacteroidetes,Sphingobacteriia,Sphingobacteriales,Sphingobacteriaceae,Olivibacter,na
Otu650,Bacteria,na,na,na,na,na,na
Otu651,Bacteria,Bacteroidetes,Bacteroidia,Bacteroidales,Bacteroidaceae,Phocaeicola,na
Otu655,Bacteria,na,na,na,na,na,na
Otu653,Bacteria,Firmicutes,Clostridia,Clostridiales,Lachnospiraceae,na,na
Otu654,Bacteria,Firmicutes,na,na,na,na,na
Otu652,Bacteria,Firmicutes,na,na,na,na,na
Otu656,Bacteria,Firmicutes,Bacilli,Lactobacillales,na,na,na
Otu657,Bacteria,na,na,na,na,na,na
Otu658,Bacteria,Proteobacteria,Gammaproteobacteria,na,na,na,na
Otu659,Bacteria,Firmicutes,Clostridia,Clostridiales,Ruminococcaceae,na,na
Otu661,Bacteria,Firmicutes,Clostridia,Clostridiales,Peptostreptococcaceae,Romboutsia,na
Otu660,Bacteria,Firmicutes,Clostridia,Clostridiales,na,na,na
Otu663,Bacteria,na,na,na,na,na,na
Otu666,Bacteria,na,na,na,na,na,na
Otu665,Bacteria,na,na,na,na,na,na
Otu667,Bacteria,na,na,na,na,na,na
Otu662,Bacteria,Firmicutes,Bacilli,Lactobacillales,Lactobacillaceae,Amylolactobacillus,na
Otu664,Bacteria,Firmicutes,Bacilli,Lactobacillales,Streptococcaceae,na,na
Otu670,Bacteria,Bacteroidetes,na,na,na,na,na
Otu673,Bacteria,na,na,na,na,na,na
Otu672,Bacteria,na,na,na,na,na,na
Otu668,Bacteria,Firmicutes,Clostridia,Clostridiales,Ruminococcaceae,na,na
Otu674,Bacteria,na,na,na,na,na,na
Otu671,Bacteria,na,na,na,na,na,na
Otu669,Bacteria,na,na,na,na,na,na
Otu675,Bacteria,Bacteroidetes,Flavobacteriia,Flavobacteriales,Weeksellaceae,Apibacter,na
Otu676,Bacteria,na,na,na,na,na,na
Otu677,Bacteria,na,na,na,na,na,na
Otu678,Bacteria,Firmicutes,na,na,na,na,na
Otu679,Bacteria,na,na,na,na,na,na
Otu682,Bacteria,na,na,na,na,na,na
Otu681,Bacteria,Firmicutes,Bacilli,Lactobacillales,Lactobacillaceae,Lactobacillus,na
Otu685,Bacteria,na,na,na,na,na,na
Otu680,Bacteria,Firmicutes,Bacilli,Lactobacillales,Lactobacillaceae,na,na
Otu686,Bacteria,Firmicutes,Clostridia,Clostridiales,Lachnospiraceae,na,na
Otu683,Bacteria,Firmicutes,Clostridia,Clostridiales,Clostridiales_Incertae_Sedis_XVII,Sulfobacillus,na
Otu689,Bacteria,na,na,na,na,na,na
Otu684,Bacteria,Firmicutes,Bacilli,Lactobacillales,Lactobacillaceae,na,na
Otu690,Bacteria,na,na,na,na,na,na
Otu687,Bacteria,Firmicutes,Clostridia,Clostridiales,Ruminococcaceae,Oscillibacter,na
Otu688,Bacteria,Firmicutes,Clostridia,Clostridiales,Lachnospiraceae,na,na
Otu691,Bacteria,Firmicutes,Clostridia,Clostridiales,Lachnospiraceae,na,na
Otu693,Bacteria,na,na,na,na,na,na
Otu692,Bacteria,Firmicutes,Clostridia,Clostridiales,Lachnospiraceae,Roseburia,na
Otu695,Bacteria,Firmicutes,Clostridia,Clostridiales,Lachnospiraceae,na,na
Otu694,Bacteria,Firmicutes,Clostridia,Clostridiales,Lachnospiraceae,na,na
Otu697,Bacteria,Proteobacteria,na,na,na,na,na
Otu701,Archaea,na,na,na,na,na,na
Otu699,Bacteria,Firmicutes,Bacilli,na,na,na,na
Otu698,Bacteria,Firmicutes,Clostridia,Clostridiales,Ruminococcaceae,Butyricicoccus,na
Otu696,Bacteria,Firmicutes,Clostridia,Clostridiales,Lachnospiraceae,na,na
Otu703,Bacteria,Verrucomicrobia,Verrucomicrobiae,Verrucomicrobiales,Akkermansiaceae,Akkermansia,na
Otu702,Bacteria,Firmicutes,Clostridia,Clostridiales,Ruminococcaceae,na,na
Otu700,Bacteria,Firmicutes,Bacilli,Bacillales,Listeriaceae,Listeria,na
Otu706,Bacteria,na,na,na,na,na,na
Otu708,Bacteria,Proteobacteria,na,na,na,na,na
Otu704,Bacteria,Actinobacteria,Coriobacteriia,na,na,na,na
Otu709,Bacteria,Firmicutes,Clostridia,Clostridiales,Lachnospiraceae,Mediterraneibacter,na
Otu705,Bacteria,Firmicutes,na,na,na,na,na
Otu711,Bacteria,Proteobacteria,na,na,na,na,na
Otu710,Bacteria,Firmicutes,Clostridia,Clostridiales,Lachnospiraceae,Cellulosilyticum,na
Otu707,Bacteria,Firmicutes,Erysipelotrichia,Erysipelotrichales,Erysipelotrichaceae,Faecalibaculum,na
Otu716,Bacteria,na,na,na,na,na,na
Otu714,Bacteria,Bacteroidetes,na,na,na,na,na
Otu713,Bacteria,Firmicutes,na,na,na,na,na
Otu712,Bacteria,Firmicutes,Bacilli,Lactobacillales,Streptococcaceae,Lactococcus,na
Otu715,Bacteria,Firmicutes,Bacilli,Lactobacillales,Lactobacillaceae,na,na
Otu717,Bacteria,Firmicutes,Clostridia,Clostridiales,Lachnospiraceae,Eisenbergiella,na
Otu719,Bacteria,Firmicutes,Clostridia,Clostridiales,na,na,na
Otu718,Bacteria,Tenericutes,Mollicutes,Acholeplasmatales,Acholeplasmataceae,Acholeplasma,na
Otu721,Bacteria,Proteobacteria,na,na,na,na,na
Otu723,Bacteria,na,na,na,na,na,na
Otu720,Bacteria,Firmicutes,Bacilli,Lactobacillales,na,na,na
Otu725,Bacteria,na,na,na,na,na,na
Otu722,Bacteria,Firmicutes,Bacilli,Lactobacillales,Streptococcaceae,na,na
Otu726,Bacteria,na,na,na,na,na,na
Otu730,Bacteria,Firmicutes,Clostridia,Clostridiales,Lachnospiraceae,na,na
Otu724,Bacteria,Firmicutes,Clostridia,Clostridiales,Peptostreptococcaceae,Proteocatella,na
Otu729,Bacteria,Bacteroidetes,Cytophagia,Cytophagales,Cytophagaceae,na,na
Otu734,Bacteria,na,na,na,na,na,na
Otu727,Bacteria,Firmicutes,Clostridia,Clostridiales,Lachnospiraceae,na,na
Otu735,Archaea,Thaumarchaeota,na,Nitrososphaerales,Nitrososphaeraceae,Nitrososphaera,na
Otu731,Bacteria,Firmicutes,Clostridia,Clostridiales,Ruminococcaceae,Gemmiger,na
Otu733,Bacteria,Bacteroidetes,na,na,na,na,na
Otu728,Bacteria,na,na,na,na,na,na
Otu737,Bacteria,na,na,na,na,na,na
Otu732,Bacteria,Firmicutes,Bacilli,Bacillales,Thermoactinomycetaceae_1,Shimazuella,na
Otu739,Bacteria,Proteobacteria,Gammaproteobacteria,na,na,na,na
Otu738,Bacteria,Firmicutes,Clostridia,Clostridiales,Lachnospiraceae,na,na
Otu740,Bacteria,Bacteroidetes,Bacteroidia,Bacteroidales,Bacteroidaceae,Phocaeicola,na
Otu736,Bacteria,Synergistetes,Synergistia,Synergistales,Synergistaceae,Cloacibacillus,na
Otu743,Bacteria,na,na,na,na,na,na
Otu741,Bacteria,Firmicutes,Clostridia,Clostridiales,na,na,na
Otu745,Bacteria,Firmicutes,Clostridia,Clostridiales,Ruminococcaceae,na,na
Otu744,Bacteria,Firmicutes,Bacilli,Lactobacillales,Lactobacillaceae,Lactobacillus,na
Otu747,Bacteria,Bacteroidetes,Bacteroidia,Bacteroidales,Bacteroidaceae,Phocaeicola,na
Otu742,Bacteria,Firmicutes,Bacilli,Lactobacillales,Lactobacillaceae,Amylolactobacillus,na
Otu746,Bacteria,Firmicutes,Clostridia,Clostridiales,Lachnospiraceae,na,na
Otu749,Bacteria,Proteobacteria,na,na,na,na,na
Otu751,Bacteria,Firmicutes,Clostridia,Clostridiales,Lachnospiraceae,na,na
Otu750,Bacteria,Firmicutes,Bacilli,Lactobacillales,Lactobacillaceae,Amylolactobacillus,na
Otu748,Bacteria,na,na,na,na,na,na
Otu752,Bacteria,na,na,na,na,na,na
Otu754,Bacteria,na,na,na,na,na,na
Otu757,Bacteria,na,na,na,na,na,na
Otu753,Bacteria,Firmicutes,Clostridia,Clostridiales,Lachnospiraceae,Marvinbryantia,na
Otu755,Bacteria,Bacteroidetes,Bacteroidia,Bacteroidales,na,na,na
Otu762,Bacteria,na,na,na,na,na,na
Otu761,Bacteria,na,na,na,na,na,na
Otu756,Bacteria,Proteobacteria,na,na,na,na,na
Otu758,Bacteria,Actinobacteria,Coriobacteriia,na,na,na,na
Otu763,Archaea,Euryarchaeota,Methanobacteria,Methanobacteriales,Methanobacteriaceae,Methanobrevibacter,na
Otu759,Bacteria,na,na,na,na,na,na
Otu766,Bacteria,na,na,na,na,na,na
Otu764,Bacteria,Firmicutes,Clostridia,Clostridiales,Lachnospiraceae,Enterocloster,na
Otu760,Bacteria,Firmicutes,na,na,na,na,na
Otu770,Bacteria,na,na,na,na,na,na
Otu769,Bacteria,Firmicutes,na,na,na,na,na
Otu767,Bacteria,Firmicutes,Clostridia,Clostridiales,Lachnospiraceae,Roseburia,na
Otu771,Bacteria,Firmicutes,Bacilli,na,na,na,na
Otu765,Bacteria,Firmicutes,Erysipelotrichia,Erysipelotrichales,Erysipelotrichaceae,Clostridium_XVIII,na
Otu768,Eukaryota,Plantae,Liliopsida,Poales,Poaceae,Zea,na
Otu775,Bacteria,Proteobacteria,na,na,na,na,na
Otu773,Bacteria,Firmicutes,Clostridia,Clostridiales,Lachnospiraceae,na,na
Otu774,Bacteria,Firmicutes,Clostridia,Clostridiales,Lachnospiraceae,na,na
Otu776,Bacteria,Firmicutes,Erysipelotrichia,Erysipelotrichales,Erysipelotrichaceae,Faecalibaculum,na
Otu780,Bacteria,na,na,na,na,na,na
Otu779,Bacteria,Firmicutes,Clostridia,Clostridiales,Lachnospiraceae,Clostridium_XlVa,na
Otu777,Bacteria,Firmicutes,Clostridia,Clostridiales,Lachnospiraceae,na,na
Otu781,Bacteria,Firmicutes,Bacilli,na,na,na,na
Otu772,Bacteria,Proteobacteria,Alphaproteobacteria,Rhizobiales,na,na,na
Otu782,Bacteria,na,na,na,na,na,na
Otu778,Bacteria,Firmicutes,Bacilli,Lactobacillales,Lactobacillaceae,Amylolactobacillus,na
Otu785,Bacteria,na,na,na,na,na,na
Otu786,Bacteria,na,na,na,na,na,na
Otu784,Bacteria,na,na,na,na,na,na
Otu783,Bacteria,Firmicutes,Clostridia,Clostridiales,Lachnospiraceae,Johnsonella,na
Otu787,Bacteria,Firmicutes,Clostridia,Clostridiales,na,na,na
Otu791,Bacteria,na,na,na,na,na,na
Otu789,Bacteria,na,na,na,na,na,na
Otu788,Bacteria,Firmicutes,Clostridia,Clostridiales,Lachnospiraceae,Anaerostipes,na
Otu792,Bacteria,na,na,na,na,na,na
Otu790,Bacteria,Bacteroidetes,Bacteroidia,Bacteroidales,Porphyromonadaceae,Parabacteroides,na
Otu794,Bacteria,na,na,na,na,na,na
Otu797,Bacteria,Proteobacteria,na,na,na,na,na
Otu799,Bacteria,na,na,na,na,na,na
Otu793,Bacteria,Firmicutes,Clostridia,Clostridiales,Clostridiaceae_1,Clostridium_sensu_stricto,na
Otu798,Bacteria,Bacteroidetes,Bacteroidia,Bacteroidales,Prevotellaceae,na,na
Otu802,Bacteria,na,na,na,na,na,na
Otu796,Bacteria,Firmicutes,Clostridia,Clostridiales,Clostridiaceae_1,Clostridium_sensu_stricto,na
Otu795,Bacteria,Firmicutes,Bacilli,Lactobacillales,Streptococcaceae,Streptococcus,na
Otu800,Bacteria,Firmicutes,na,na,na,na,na
Otu801,Bacteria,Firmicutes,Clostridia,Clostridiales,Ruminococcaceae,na,na
Otu804,Bacteria,na,na,na,na,na,na
Otu805,Bacteria,na,na,na,na,na,na
Otu809,Bacteria,na,na,na,na,na,na
Otu808,Bacteria,na,na,na,na,na,na
Otu803,Bacteria,Firmicutes,Bacilli,na,na,na,na
Otu806,Bacteria,Firmicutes,Clostridia,Clostridiales,Lachnospiraceae,Blautia,na
Otu810,Bacteria,Firmicutes,Clostridia,Clostridiales,Ruminococcaceae,na,na
Otu813,Bacteria,Proteobacteria,na,na,na,na,na
Otu812,Bacteria,Firmicutes,Clostridia,Clostridiales,Ruminococcaceae,na,na
Otu807,Bacteria,Firmicutes,Erysipelotrichia,Erysipelotrichales,Erysipelotrichaceae,Clostridium_XVIII,na
Otu815,Bacteria,na,na,na,na,na,na
Otu816,Bacteria,na,na,na,na,na,na
Otu811,Bacteria,Firmicutes,Bacilli,na,na,na,na
Otu814,Bacteria,Bacteroidetes,na,na,na,na,na
Otu818,Bacteria,na,na,na,na,na,na
Otu817,Bacteria,Firmicutes,na,na,na,na,na
Otu822,Bacteria,na,na,na,na,na,na
Otu823,Bacteria,na,na,na,na,na,na
Otu819,Bacteria,Firmicutes,Bacilli,Lactobacillales,na,na,na
Otu821,Bacteria,Firmicutes,Clostridia,Clostridiales,na,na,na
Otu820,Bacteria,Firmicutes,Bacilli,Lactobacillales,Lactobacillaceae,Amylolactobacillus,na
Otu826,Bacteria,na,na,na,na,na,na
Otu827,Bacteria,na,na,na,na,na,na
Otu824,Bacteria,Firmicutes,Bacilli,Lactobacillales,Lactobacillaceae,Lactobacillus,na
Otu829,Bacteria,Firmicutes,Clostridia,Clostridiales,na,na,na
Otu831,Bacteria,Firmicutes,Clostridia,Clostridiales,Ruminococcaceae,Acetivibrio,na
Otu825,Bacteria,Firmicutes,Bacilli,Lactobacillales,Lactobacillaceae,Amylolactobacillus,na
Otu828,Bacteria,Bacteroidetes,Bacteroidia,Bacteroidales,Odoribacteraceae,Butyricimonas,na
Otu832,Bacteria,na,na,na,na,na,na
Otu830,Bacteria,Firmicutes,Clostridia,Clostridiales,Ruminococcaceae,na,na
Otu836,Bacteria,Firmicutes,na,na,na,na,na
Otu833,Bacteria,Bacteroidetes,na,na,na,na,na
Otu835,Bacteria,Bacteroidetes,na,na,na,na,na
Otu834,Bacteria,Firmicutes,Bacilli,Lactobacillales,Streptococcaceae,na,na
Otu841,Bacteria,na,na,na,na,na,na
Otu838,Bacteria,na,na,na,na,na,na
Otu845,Bacteria,Firmicutes,Bacilli,na,na,na,na
Otu840,Bacteria,Firmicutes,Clostridia,Clostridiales,Lachnospiraceae,na,na
Otu844,Bacteria,Firmicutes,Clostridia,Clostridiales,Lachnospiraceae,na,na
Otu843,Bacteria,Bacteroidetes,Bacteroidia,Bacteroidales,Bacteroidaceae,Phocaeicola,na
Otu839,Bacteria,Firmicutes,Clostridia,Clostridiales,Lachnospiraceae,Lachnospiracea_incertae_sedis,na
Otu842,Bacteria,Firmicutes,Bacilli,Lactobacillales,Lactobacillaceae,Amylolactobacillus,na
Otu846,Bacteria,Proteobacteria,Betaproteobacteria,Burkholderiales,Sutterellaceae,Turicimonas,na
Otu837,Bacteria,Firmicutes,Bacilli,Lactobacillales,Lactobacillaceae,na,na
Otu847,Bacteria,na,na,na,na,na,na
Otu851,Bacteria,na,na,na,na,na,na
Otu849,Bacteria,na,na,na,na,na,na
Otu852,Bacteria,na,na,na,na,na,na
Otu848,Bacteria,Firmicutes,na,na,na,na,na
Otu850,Bacteria,Firmicutes,Clostridia,Clostridiales,Ruminococcaceae,Ruminococcus,na
Otu853,Bacteria,Firmicutes,Clostridia,Clostridiales,Lachnospiraceae,na,na
Otu855,Bacteria,Proteobacteria,na,na,na,na,na
Otu857,Bacteria,na,na,na,na,na,na
Otu856,Bacteria,Firmicutes,Clostridia,Clostridiales,Lachnospiraceae,na,na
Otu859,Bacteria,na,na,na,na,na,na
Otu854,Bacteria,Firmicutes,na,na,na,na,na
Otu860,Bacteria,na,na,na,na,na,na
Otu862,Bacteria,Firmicutes,Clostridia,Clostridiales,Lachnospiraceae,Acetatifactor,na
Otu864,Bacteria,na,na,na,na,na,na
Otu861,Bacteria,Firmicutes,na,na,na,na,na
Otu863,Bacteria,Firmicutes,Clostridia,Clostridiales,Lachnospiraceae,Hespellia,na
Otu858,Bacteria,Firmicutes,Bacilli,Bacillales,na,na,na
Otu867,Bacteria,na,na,na,na,na,na
Otu865,Bacteria,Firmicutes,Clostridia,Clostridiales,Lachnospiraceae,na,na
Otu868,Bacteria,na,na,na,na,na,na
Otu869,Bacteria,na,na,na,na,na,na
Otu870,Bacteria,na,na,na,na,na,na
Otu872,Bacteria,na,na,na,na,na,na
Otu866,Bacteria,Firmicutes,Bacilli,Bacillales,na,na,na
Otu873,Bacteria,Proteobacteria,na,na,na,na,na
Otu875,Bacteria,na,na,na,na,na,na
Otu877,Bacteria,na,na,na,na,na,na
Otu871,,,Bacteria,Acidobacteria,Acidobacteria_Gp16,Gp16,na
Otu876,Bacteria,Firmicutes,Clostridia,Clostridiales,Lachnospiraceae,na,na
Otu878,Bacteria,Proteobacteria,na,na,na,na,na
Otu879,Bacteria,na,na,na,na,na,na
Otu881,Bacteria,na,na,na,na,na,na
Otu880,Bacteria,Planctomycetes,Planctomycetacia,Planctomycetales,Planctomycetaceae,Schlesneria,na
Otu885,Bacteria,na,na,na,na,na,na
Otu886,Bacteria,na,na,na,na,na,na
Otu883,Bacteria,Bacteroidetes,Bacteroidia,Bacteroidales,Rikenellaceae,Millionella,na
Otu882,Bacteria,Firmicutes,Bacilli,Lactobacillales,Lactobacillaceae,Leuconostoc,na
Otu874,Bacteria,Firmicutes,na,na,na,na,na
Otu887,Bacteria,Firmicutes,Clostridia,Clostridiales,Lachnospiraceae,Blautia,na
Otu884,Bacteria,Firmicutes,Bacilli,Lactobacillales,Lactobacillaceae,Amylolactobacillus,na
Otu888,Bacteria,Proteobacteria,Gammaproteobacteria,Xanthomonadales,Xanthomonadaceae,Stenotrophomonas,na
Otu891,Bacteria,Firmicutes,Bacilli,na,na,na,na
Otu889,Bacteria,Firmicutes,Clostridia,Clostridiales,Ruminococcaceae,Faecalibacterium,na
Otu894,Bacteria,na,na,na,na,na,na
Otu892,Bacteria,Firmicutes,Clostridia,Clostridiales,Lachnospiraceae,Lachnobacterium,na
Otu890,Bacteria,Firmicutes,Bacilli,Lactobacillales,Lactobacillaceae,na,na
Otu893,Bacteria,Firmicutes,Clostridia,Clostridiales,Ruminococcaceae,Ruminococcus,na
Otu896,Bacteria,na,na,na,na,na,na
Otu898,Bacteria,Firmicutes,Clostridia,Clostridiales,na,na,na
Otu897,Bacteria,Firmicutes,Bacilli,Lactobacillales,Lactobacillaceae,Amylolactobacillus,na
Otu900,Bacteria,Firmicutes,Clostridia,Clostridiales,Lachnospiraceae,Blautia,na
Otu902,Bacteria,Firmicutes,Erysipelotrichia,Erysipelotrichales,Erysipelotrichaceae,Turicibacter,na
Otu904,Bacteria,na,na,na,na,na,na
Otu903,Bacteria,Firmicutes,Clostridia,Clostridiales,Ruminococcaceae,Ruminococcus,na
Otu895,Bacteria,na,na,na,na,na,na
Otu901,Bacteria,Firmicutes,Bacilli,Lactobacillales,Lactobacillaceae,Amylolactobacillus,na
Otu899,Bacteria,Actinobacteria,Actinobacteria,Pseudonocardiales,Pseudonocardiaceae,Pseudonocardia,na
Otu905,Bacteria,Firmicutes,Bacilli,Lactobacillales,Streptococcaceae,Streptococcus,na
Otu908,Bacteria,na,na,na,na,na,na
Otu906,Bacteria,Firmicutes,Bacilli,na,na,na,na
Otu909,Bacteria,na,na,na,na,na,na
Otu910,Bacteria,na,na,na,na,na,na
Otu907,Bacteria,Firmicutes,Clostridia,Clostridiales,Lachnospiraceae,Marvinbryantia,na
Otu911,Bacteria,Firmicutes,Clostridia,Clostridiales,Ruminococcaceae,Ruminococcus,na
Otu913,Bacteria,Firmicutes,Clostridia,Clostridiales,Lachnospiraceae,na,na
Otu917,Bacteria,Proteobacteria,na,na,na,na,na
Otu914,Bacteria,Firmicutes,Clostridia,Clostridiales,Ruminococcaceae,na,na
Otu916,Bacteria,Proteobacteria,na,na,na,na,na
Otu918,Bacteria,Firmicutes,na,na,na,na,na
Otu920,Bacteria,Firmicutes,Bacilli,na,na,na,na
Otu915,Bacteria,Firmicutes,Bacilli,Lactobacillales,na,na,na
Otu919,Bacteria,Firmicutes,Bacilli,Bacillales,na,na,na
Otu922,Bacteria,na,na,na,na,na,na
Otu923,Bacteria,na,na,na,na,na,na
Otu921,Bacteria,Firmicutes,Clostridia,Clostridiales,Lachnospiraceae,Blautia,na
Otu926,Bacteria,na,na,na,na,na,na
Otu924,Bacteria,Bacteroidetes,Cytophagia,Cytophagales,Cytophagaceae,Emticicia,na
Otu925,Bacteria,Firmicutes,Bacilli,Lactobacillales,Lactobacillaceae,Amylolactobacillus,na
Otu928,Bacteria,Aquificae,Aquificae,Aquificales,Aquificaceae,na,na
Otu930,Bacteria,Bacteroidetes,na,na,na,na,na
Otu912,Bacteria,Actinobacteria,Coriobacteriia,Eggerthellales,Eggerthellaceae,Adlercreutzia,na
Otu927,Bacteria,Firmicutes,Bacilli,Lactobacillales,Lactobacillaceae,Amylolactobacillus,na
Otu932,Bacteria,na,na,na,na,na,na
Otu929,Bacteria,Firmicutes,Clostridia,Clostridiales,Lachnospiraceae,Cellulosilyticum,na
Otu934,Bacteria,na,na,na,na,na,na
Otu933,Bacteria,na,na,na,na,na,na
Otu931,Bacteria,Firmicutes,Bacilli,Lactobacillales,Lactobacillaceae,Amylolactobacillus,na
Otu937,Bacteria,Bacteroidetes,Bacteroidia,Bacteroidales,Prevotellaceae,Prevotella,na
Otu939,Bacteria,Bacteroidetes,Bacteroidia,Bacteroidales,Bacteroidaceae,Phocaeicola,na
Otu941,Bacteria,na,na,na,na,na,na
Otu940,Bacteria,Firmicutes,Clostridia,Clostridiales,na,na,na
Otu944,Bacteria,na,na,na,na,na,na
Otu935,Bacteria,Firmicutes,Bacilli,Lactobacillales,Lactobacillaceae,na,na
Otu936,Bacteria,Actinobacteria,Actinobacteria,Pseudonocardiales,Pseudonocardiaceae,Amycolatopsis,na
Otu942,Bacteria,Firmicutes,Bacilli,Lactobacillales,Lactobacillaceae,Amylolactobacillus,na
Otu943,Bacteria,Firmicutes,Bacilli,Lactobacillales,Lactobacillaceae,Amylolactobacillus,na
Otu945,Bacteria,Firmicutes,Clostridia,Clostridiales,Lachnospiraceae,Clostridium_XlVa,na
Otu947,Bacteria,Firmicutes,Clostridia,Clostridiales,Ruminococcaceae,Faecalibacterium,na
Otu938,Bacteria,na,na,na,na,na,na
Otu950,Bacteria,Firmicutes,Clostridia,Clostridiales,na,na,na
Otu946,Bacteria,Firmicutes,Bacilli,Lactobacillales,Lactobacillaceae,Amylolactobacillus,na
Otu948,Bacteria,Firmicutes,Bacilli,Lactobacillales,Lactobacillaceae,Amylolactobacillus,na
Otu953,Bacteria,na,na,na,na,na,na
Otu951,Bacteria,Bacteroidetes,Bacteroidia,Bacteroidales,Dysgonomonadaceae,Dysgonomonas,na
Otu949,Bacteria,Actinobacteria,Coriobacteriia,na,na,na,na
Otu952,Bacteria,Actinobacteria,Actinobacteria,na,na,na,na
Otu954,Bacteria,na,na,na,na,na,na
Otu955,Bacteria,na,na,na,na,na,na
Otu958,Bacteria,na,na,na,na,na,na
Otu959,Bacteria,na,na,na,na,na,na
Otu961,Bacteria,na,na,na,na,na,na
Otu960,Bacteria,Bacteroidetes,Bacteroidia,Bacteroidales,na,na,na
Otu963,Bacteria,na,na,na,na,na,na
Otu957,Bacteria,Firmicutes,Clostridia,Clostridiales,Ruminococcaceae,Ruminococcus,na
Otu956,Bacteria,na,na,na,na,na,na
Otu962,Bacteria,Firmicutes,Clostridia,Clostridiales,Ruminococcaceae,na,na
Otu964,Bacteria,Firmicutes,Clostridia,Clostridiales,Lachnospiraceae,Clostridium_XlVa,na
Otu965,Bacteria,Deinococcus-Thermus,Deinococci,Deinococcales,Deinococcaceae,Deinococcus,na
Otu967,Bacteria,na,na,na,na,na,na
Otu968,Bacteria,Planctomycetes,Planctomycetacia,Pirellulales,na,na,na
Otu973,Bacteria,na,na,na,na,na,na
Otu966,Bacteria,Firmicutes,Bacilli,Lactobacillales,Lactobacillaceae,Amylolactobacillus,na
Otu974,Bacteria,na,na,na,na,na,na
Otu971,Bacteria,Firmicutes,Bacilli,Lactobacillales,Lactobacillaceae,Limosilactobacillus,na
Otu969,Bacteria,Firmicutes,Clostridia,Clostridiales,na,na,na
Otu975,Bacteria,na,na,na,na,na,na
Otu970,Bacteria,Firmicutes,Bacilli,Lactobacillales,Lactobacillaceae,Amylolactobacillus,na
Otu976,Bacteria,Firmicutes,Clostridia,Clostridiales,na,na,na
Otu979,Bacteria,na,na,na,na,na,na
Otu977,Bacteria,Actinobacteria,Coriobacteriia,Eggerthellales,Eggerthellaceae,Adlercreutzia,na
Otu978,Bacteria,Firmicutes,Clostridia,Clostridiales,Lachnospiraceae,na,na
Otu982,Bacteria,Proteobacteria,Alphaproteobacteria,na,na,na,na
Otu972,Bacteria,Actinobacteria,Coriobacteriia,na,na,na,na
Otu981,Bacteria,Firmicutes,Clostridia,Clostridiales,Ruminococcaceae,Acetanaerobacterium,na
Otu980,Bacteria,Proteobacteria,Alphaproteobacteria,Rhizobiales,Methylobacteriaceae,Microvirga,na
Otu984,Bacteria,Firmicutes,Bacilli,Lactobacillales,Lactobacillaceae,na,na
Otu983,Bacteria,Firmicutes,na,na,na,na,na
Otu985,Bacteria,na,na,na,na,na,na
Otu987,Bacteria,na,na,na,na,na,na
Otu988,Bacteria,Proteobacteria,na,na,na,na,na
Otu989,Bacteria,Actinobacteria,Coriobacteriia,na,na,na,na
Otu986,Bacteria,Actinobacteria,Actinobacteria,Micromonosporales,Micromonosporaceae,Couchioplanes,na
Otu994,Bacteria,na,na,na,na,na,na
Otu995,Bacteria,na,na,na,na,na,na
Otu993,Bacteria,Firmicutes,Bacilli,na,na,na,na
Otu990,Bacteria,Firmicutes,Clostridia,Clostridiales,Lachnospiraceae,Clostridium_XlVa,na
Otu991,Bacteria,Firmicutes,Bacilli,Lactobacillales,Lactobacillaceae,Amylolactobacillus,na
Otu997,Bacteria,na,na,na,na,na,na
Otu992,Bacteria,Firmicutes,Bacilli,Lactobacillales,Lactobacillaceae,Lactobacillus,na
Otu996,Bacteria,Firmicutes,Clostridia,Clostridiales,Lachnospiraceae,na,na
Otu998,Bacteria,na,na,na,na,na,na
Otu999,Bacteria,na,na,na,na,na,na
Otu1001,Bacteria,na,na,na,na,na,na
Otu1000,Bacteria,Firmicutes,Clostridia,Clostridiales,Lachnospiraceae,na,na
Otu1007,Bacteria,na,na,na,na,na,na
Otu1002,Bacteria,Firmicutes,Clostridia,Clostridiales,na,na,na
Otu1005,Bacteria,Firmicutes,Bacilli,na,na,na,na
Otu1004,Bacteria,na,na,na,na,na,na
Otu1008,Bacteria,Firmicutes,Clostridia,Clostridiales,Lachnospiraceae,Enterocloster,na
Otu1006,Bacteria,Firmicutes,Bacilli,Lactobacillales,Lactobacillaceae,Amylolactobacillus,na
Otu1003,Bacteria,Firmicutes,Bacilli,Lactobacillales,Lactobacillaceae,Amylolactobacillus,na
Otu1011,Bacteria,Proteobacteria,na,na,na,na,na
Otu1014,Bacteria,na,na,na,na,na,na
Otu1009,Bacteria,Firmicutes,Bacilli,Lactobacillales,Lactobacillaceae,Amylolactobacillus,na
Otu1015,Bacteria,Firmicutes,na,na,na,na,na
Otu1013,Bacteria,Firmicutes,Bacilli,Lactobacillales,Lactobacillaceae,Amylolactobacillus,na
Otu1012,Bacteria,Firmicutes,Bacilli,Lactobacillales,Lactobacillaceae,Amylolactobacillus,na
Otu1010,Bacteria,Actinobacteria,Actinobacteria,Pseudonocardiales,Pseudonocardiaceae,Pseudonocardia,na
Otu1017,Bacteria,Actinobacteria,Coriobacteriia,na,na,na,na
Otu1021,Bacteria,na,na,na,na,na,na
Otu1016,Bacteria,Firmicutes,Bacilli,Lactobacillales,Lactobacillaceae,Amylolactobacillus,na
Otu1020,Bacteria,Firmicutes,Clostridia,Clostridiales,Lachnospiraceae,Pseudobutyrivibrio,na
Otu1022,Bacteria,na,na,na,na,na,na
Otu1019,Bacteria,Firmicutes,Bacilli,Bacillales,Planococcaceae,Rummeliibacillus,na
Otu1024,Bacteria,na,na,na,na,na,na
Otu1018,Bacteria,Actinobacteria,Coriobacteriia,na,na,na,na
Otu1023,Bacteria,Firmicutes,Clostridia,Clostridiales,Lachnospiraceae,Enterocloster,na
Otu1028,Bacteria,na,na,na,na,na,na
Otu1029,Bacteria,Firmicutes,Bacilli,na,na,na,na
Otu1025,Bacteria,Firmicutes,Bacilli,Lactobacillales,Lactobacillaceae,Amylolactobacillus,na
Otu1026,Bacteria,Firmicutes,Bacilli,Lactobacillales,Lactobacillaceae,na,na
Otu1027,Bacteria,Firmicutes,Bacilli,Lactobacillales,Lactobacillaceae,Lactobacillus,na
Otu1032,Bacteria,Firmicutes,Clostridia,Clostridiales,Lachnospiraceae,Enterocloster,na
Otu1034,Bacteria,na,na,na,na,na,na
Otu1031,Bacteria,Firmicutes,Clostridia,Clostridiales,Ruminococcaceae,na,na
Otu1030,Bacteria,Firmicutes,Clostridia,Clostridiales,Lachnospiraceae,Acetivibrio,na
Otu1033,Bacteria,Firmicutes,Clostridia,Clostridiales,Lachnospiraceae,na,na
Otu1036,Bacteria,Firmicutes,Clostridia,Clostridiales,Ruminococcaceae,Ruminococcus,na
Otu1037,Bacteria,Firmicutes,Clostridia,na,na,na,na
Otu1040,Bacteria,na,na,na,na,na,na
Otu1042,Bacteria,na,na,na,na,na,na
Otu1035,Bacteria,Firmicutes,Bacilli,na,na,na,na
Otu1038,Bacteria,Firmicutes,Bacilli,Lactobacillales,Streptococcaceae,Lactococcus,na
Otu1041,Bacteria,Verrucomicrobia,Verrucomicrobiae,Verrucomicrobiales,Akkermansiaceae,Akkermansia,na
Otu1039,Bacteria,Firmicutes,Bacilli,Lactobacillales,Lactobacillaceae,na,na
Otu1043,Bacteria,Firmicutes,Clostridia,Clostridiales,Vallitaleaceae,Vallitalea,na
Otu1045,Bacteria,na,na,na,na,na,na
Otu1044,Bacteria,na,na,na,na,na,na
Otu1048,Bacteria,Firmicutes,Clostridia,Clostridiales,na,na,na
Otu1046,Bacteria,Firmicutes,Bacilli,na,na,na,na
Otu1050,Bacteria,Firmicutes,Clostridia,Clostridiales,Ruminococcaceae,Papillibacter,na
Otu1053,Bacteria,na,na,na,na,na,na
Otu1049,Bacteria,Firmicutes,Bacilli,Lactobacillales,Lactobacillaceae,Lactobacillus,na
Otu1047,Bacteria,Firmicutes,Bacilli,Lactobacillales,Lactobacillaceae,Amylolactobacillus,na
Otu1054,Bacteria,Firmicutes,Clostridia,Clostridiales,na,na,na
Otu1051,Bacteria,Firmicutes,Bacilli,Lactobacillales,Lactobacillaceae,Amylolactobacillus,na
Otu1052,Bacteria,Firmicutes,Bacilli,Lactobacillales,Lactobacillaceae,Companilactobacillus,na
Otu1056,Bacteria,na,na,na,na,na,na
Otu1055,Bacteria,na,na,na,na,na,na
Otu1057,Bacteria,Firmicutes,Clostridia,Clostridiales,Lachnospiraceae,na,na
Otu1060,Bacteria,na,na,na,na,na,na
Otu1059,Bacteria,Firmicutes,Clostridia,Clostridiales,na,na,na
Otu1058,Bacteria,Firmicutes,Bacilli,Lactobacillales,Lactobacillaceae,na,na
Otu1061,Bacteria,Firmicutes,Bacilli,na,na,na,na
Otu1062,Bacteria,Actinobacteria,Coriobacteriia,Coriobacteriales,Coriobacteriaceae,Collinsella,na
Otu1063,Bacteria,Firmicutes,Clostridia,Clostridiales,Lachnospiraceae,na,na
Otu1067,Bacteria,na,na,na,na,na,na
Otu1066,Bacteria,Bacteroidetes,Bacteroidia,Bacteroidales,Muribaculaceae,Muribaculum,na
Otu1065,Bacteria,Firmicutes,Bacilli,Lactobacillales,Lactobacillaceae,na,na
Otu1068,Bacteria,Firmicutes,Bacilli,na,na,na,na
Otu1069,Bacteria,Firmicutes,Clostridia,Clostridiales,Vallitaleaceae,Vallitalea,na
Otu1064,Bacteria,Firmicutes,Bacilli,na,na,na,na
Otu1072,Eukaryota,Plantae,Liliopsida,Poales,Poaceae,Zea,na
Otu1073,Bacteria,na,na,na,na,na,na
Otu1070,Bacteria,Firmicutes,Bacilli,Lactobacillales,Lactobacillaceae,Lactobacillus,na
Otu1074,Bacteria,Firmicutes,Clostridia,Clostridiales,Lachnospiraceae,Cuneatibacter,na
Otu1071,Bacteria,Actinobacteria,Thermoleophilia,Gaiellales,Gaiellaceae,Gaiella,na
Otu1075,Bacteria,Firmicutes,Clostridia,Clostridiales,Lachnospiraceae,Agathobacter,na
Otu1077,Bacteria,na,na,na,na,na,na
Otu1076,Bacteria,Firmicutes,Clostridia,Clostridiales,Lachnospiraceae,na,na
Otu1081,Bacteria,na,na,na,na,na,na
Otu1080,Bacteria,Firmicutes,Clostridia,Clostridiales,Lachnospiraceae,Mediterraneibacter,na
Otu1078,Bacteria,Proteobacteria,na,na,na,na,na
Otu1079,Bacteria,Firmicutes,Bacilli,Lactobacillales,Streptococcaceae,Streptococcus,na
Otu1085,Bacteria,na,na,na,na,na,na
Otu1082,Bacteria,Firmicutes,Bacilli,na,na,na,na
Otu1084,Bacteria,Firmicutes,Bacilli,Lactobacillales,Lactobacillaceae,Lactobacillus,na
Otu1083,Bacteria,Firmicutes,Bacilli,Lactobacillales,na,na,na
Otu1086,Bacteria,Firmicutes,Bacilli,na,na,na,na
Otu1087,Bacteria,na,na,na,na,na,na
Otu1088,Bacteria,Firmicutes,Clostridia,Clostridiales,Lachnospiraceae,na,na
Otu1089,Bacteria,Firmicutes,Clostridia,Clostridiales,na,na,na
Otu1090,Bacteria,Firmicutes,Clostridia,Clostridiales,Lachnospiraceae,Clostridium_XlVa,na
Otu1092,Bacteria,Firmicutes,Bacilli,na,na,na,na
Otu1093,Bacteria,na,na,na,na,na,na
Otu1091,Bacteria,Firmicutes,Bacilli,Lactobacillales,Lactobacillaceae,na,na
Otu1096,Bacteria,na,na,na,na,na,na
Otu1097,Bacteria,na,na,na,na,na,na
Otu1099,Bacteria,Firmicutes,na,na,na,na,na
Otu1094,Bacteria,Firmicutes,Bacilli,Lactobacillales,Streptococcaceae,na,na
Otu1098,Bacteria,Firmicutes,na,na,na,na,na
Otu1102,Bacteria,na,na,na,na,na,na
Otu1100,Bacteria,Firmicutes,Clostridia,Clostridiales,Ruminococcaceae,na,na
Otu1095,Bacteria,Firmicutes,Bacilli,Lactobacillales,Lactobacillaceae,Amylolactobacillus,na
Otu1101,Bacteria,Firmicutes,Bacilli,Bacillales,na,na,na
Otu1103,Bacteria,Firmicutes,Bacilli,Lactobacillales,Lactobacillaceae,Lactobacillus,na
Otu1107,Bacteria,Firmicutes,na,na,na,na,na
Otu1104,Bacteria,Firmicutes,Bacilli,Lactobacillales,Lactobacillaceae,Lactobacillus,na
Otu1111,Bacteria,na,na,na,na,na,na
Otu1106,Bacteria,Firmicutes,Clostridia,Clostridiales,Lachnospiraceae,Lachnobacterium,na
Otu1108,Bacteria,Firmicutes,Clostridia,Clostridiales,Ruminococcaceae,Flintibacter,na
Otu1105,Bacteria,Actinobacteria,Actinobacteria,Actinomycetales,Actinomycetaceae,Schaalia,na
Otu1110,Bacteria,Firmicutes,Bacilli,Lactobacillales,na,na,na
Otu1114,Bacteria,na,na,na,na,na,na
Otu1109,Bacteria,Proteobacteria,Gammaproteobacteria,Pseudomonadales,Pseudomonadaceae,Pseudomonas,na
Otu1117,Bacteria,na,na,na,na,na,na
Otu1112,Bacteria,Actinobacteria,Coriobacteriia,na,na,na,na
Otu1119,Bacteria,na,na,na,na,na,na
Otu1113,Bacteria,na,na,na,na,na,na
Otu1118,Bacteria,Bacteroidetes,Bacteroidia,Bacteroidales,Dysgonomonadaceae,Dysgonomonas,na
Otu1115,Bacteria,Firmicutes,Bacilli,na,na,na,na
Otu1116,Bacteria,Firmicutes,Bacilli,na,na,na,na
Otu1120,Bacteria,Firmicutes,Bacilli,Lactobacillales,Lactobacillaceae,na,na
Otu1124,Bacteria,na,na,na,na,na,na
Otu1121,Bacteria,Firmicutes,Bacilli,Bacillales,na,na,na
Otu1125,Bacteria,Firmicutes,Clostridia,Clostridiales,Ruminococcaceae,na,na
Otu1127,Bacteria,na,na,na,na,na,na
Otu1126,Bacteria,Firmicutes,Clostridia,Clostridiales,Lachnospiraceae,na,na
Otu1122,Bacteria,Firmicutes,Bacilli,Bacillales,Thermoactinomycetaceae_1,Seinonella,na
Otu1128,Bacteria,Firmicutes,Clostridia,Clostridiales,Lachnospiraceae,Extibacter,na
Otu1129,Bacteria,na,na,na,na,na,na
Otu1123,Bacteria,na,na,na,na,na,na
Otu1130,Bacteria,Firmicutes,Bacilli,Lactobacillales,na,na,na
Otu1131,Bacteria,Firmicutes,Bacilli,Bacillales,Planococcaceae,Kurthia,na
Otu1133,Bacteria,Actinobacteria,Coriobacteriia,Eggerthellales,Eggerthellaceae,Adlercreutzia,na
Otu1138,Bacteria,na,na,na,na,na,na
Otu1136,Bacteria,Firmicutes,Bacilli,na,na,na,na
Otu1137,Bacteria,Firmicutes,Bacilli,Lactobacillales,Lactobacillaceae,Amylolactobacillus,na
Otu1134,Bacteria,Firmicutes,Bacilli,na,na,na,na
Otu1135,Bacteria,Firmicutes,Bacilli,Lactobacillales,Lactobacillaceae,Amylolactobacillus,na
Otu1132,Bacteria,Actinobacteria,Actinobacteria,Propionibacteriales,Nocardioidaceae,Nocardioides,na
Otu1139,Bacteria,Firmicutes,Bacilli,Lactobacillales,Lactobacillaceae,Amylolactobacillus,na
Otu1141,Bacteria,na,na,na,na,na,na
Otu1140,Bacteria,na,na,na,na,na,na
Otu1143,Bacteria,Firmicutes,Clostridia,Clostridiales,Lachnospiraceae,Clostridium_XlVa,na
Otu1146,Bacteria,na,na,na,na,na,na
Otu1145,Bacteria,Firmicutes,Clostridia,Clostridiales,Lachnospiraceae,na,na
Otu1148,Bacteria,na,na,na,na,na,na
Otu1142,Bacteria,Firmicutes,na,na,na,na,na
Otu1147,Bacteria,na,na,na,na,na,na
Otu1149,Bacteria,Firmicutes,Clostridia,Clostridiales,Lachnospiraceae,Pseudobutyrivibrio,na
Otu1144,Bacteria,Actinobacteria,Actinobacteria,Mycobacteriales,Gordoniaceae,Williamsia,na
Otu1150,Bacteria,Firmicutes,Clostridia,Clostridiales,Lachnospiraceae,na,na
Otu1151,Bacteria,Actinobacteria,Acidimicrobiia,Acidimicrobiales,na,na,na
Otu1156,Bacteria,na,na,na,na,na,na
Otu1155,Bacteria,Proteobacteria,na,na,na,na,na
Otu1157,Bacteria,Tenericutes,Mollicutes,na,na,na,na
Otu1153,Bacteria,Firmicutes,Clostridia,Clostridiales,na,na,na
Otu1152,Bacteria,Firmicutes,Bacilli,Lactobacillales,Lactobacillaceae,Amylolactobacillus,na
Otu1154,Bacteria,Firmicutes,Bacilli,Lactobacillales,Lactobacillaceae,Lactobacillus,na
Otu1161,Bacteria,na,na,na,na,na,na
Otu1162,Bacteria,na,na,na,na,na,na
Otu1160,Bacteria,Firmicutes,Bacilli,Lactobacillales,Lactobacillaceae,Amylolactobacillus,na
Otu1159,Bacteria,Firmicutes,Bacilli,Lactobacillales,Lactobacillaceae,Lactobacillus,na
Otu1158,Bacteria,Firmicutes,na,na,na,na,na
Otu1166,Bacteria,na,na,na,na,na,na
Otu1167,Archaea,na,na,na,na,na,na
Otu1164,Bacteria,Firmicutes,Bacilli,Bacillales,Bacillaceae_1,na,na
Otu1163,Bacteria,Firmicutes,Bacilli,na,na,na,na
Otu1165,Bacteria,Firmicutes,Bacilli,Lactobacillales,Lactobacillaceae,Lactobacillus,na
Otu1170,Bacteria,Proteobacteria,na,na,na,na,na
Otu1172,Bacteria,na,na,na,na,na,na
Otu1171,Bacteria,Verrucomicrobia,Verrucomicrobiae,Verrucomicrobiales,Akkermansiaceae,Akkermansia,na
Otu1168,Bacteria,Firmicutes,Clostridia,Clostridiales,Lachnospiraceae,Anaerotignum,na
Otu1169,Bacteria,Firmicutes,Clostridia,Clostridiales,Ruminococcaceae,Clostridium_IV,na
Otu1174,Bacteria,Firmicutes,Clostridia,Clostridiales,Lachnospiraceae,na,na
Otu1177,Bacteria,na,na,na,na,na,na
Otu1175,Bacteria,Firmicutes,Clostridia,Clostridiales,Lachnospiraceae,na,na
Otu1176,Bacteria,na,na,na,na,na,na
Otu1173,Bacteria,Actinobacteria,Actinobacteria,Micromonosporales,Micromonosporaceae,Asanoa,na
Otu1179,Bacteria,na,na,na,na,na,na
Otu1178,Bacteria,Firmicutes,Erysipelotrichia,Erysipelotrichales,Erysipelotrichaceae,Faecalibaculum,na
Otu1181,Bacteria,Firmicutes,Bacilli,na,na,na,na
Otu1185,Bacteria,na,na,na,na,na,na
Otu1180,Bacteria,Actinobacteria,Thermoleophilia,Thermoleophilales,Thermoleophilaceae,Thermoleophilum,na
Otu1186,Bacteria,na,na,na,na,na,na
Otu1187,Bacteria,Proteobacteria,na,na,na,na,na
Otu1183,Bacteria,Firmicutes,na,na,na,na,na
Otu1189,Bacteria,na,na,na,na,na,na
Otu1182,Bacteria,Actinobacteria,Actinobacteria,Pseudonocardiales,Pseudonocardiaceae,Pseudonocardia,na
Otu1184,Bacteria,Actinobacteria,Thermoleophilia,Solirubrobacterales,na,na,na
Otu1192,Bacteria,na,na,na,na,na,na
Otu1193,Bacteria,na,na,na,na,na,na
Otu1188,Bacteria,Firmicutes,Bacilli,Lactobacillales,Lactobacillaceae,na,na
Otu1190,Bacteria,Firmicutes,Clostridia,Clostridiales,Lachnospiraceae,na,na
Otu1191,Bacteria,Firmicutes,Clostridia,Clostridiales,Lachnospiraceae,na,na
Otu1194,Bacteria,Proteobacteria,na,na,na,na,na
Otu1196,Bacteria,na,na,na,na,na,na
Otu1198,Bacteria,na,na,na,na,na,na
Otu1195,Bacteria,Bacteroidetes,Bacteroidia,Bacteroidales,Muribaculaceae,Muribaculum,na
Otu1203,Bacteria,Firmicutes,Clostridia,Clostridiales,Lachnospiraceae,Howardella,na
Otu1197,Bacteria,Firmicutes,Bacilli,Lactobacillales,Lactobacillaceae,Amylolactobacillus,na
Otu1202,Bacteria,Firmicutes,Clostridia,Clostridiales,na,na,na
Otu1199,Bacteria,Firmicutes,Clostridia,Clostridiales,Lachnospiraceae,na,na
Otu1200,Bacteria,Cyanobacteria/Chloroplast,Chloroplast,na,Chloroplast,Streptophyta,na
Otu1201,Bacteria,Firmicutes,Bacilli,Lactobacillales,Lactobacillaceae,na,na
Otu1204,Bacteria,Firmicutes,Bacilli,na,na,na,na
Otu1205,,,Bacteria,Acidobacteria,Acidobacteria_Gp6,Gp6,na
Otu1207,Bacteria,Firmicutes,Bacilli,Lactobacillales,na,na,na
Otu1208,Bacteria,na,na,na,na,na,na
Otu1206,Bacteria,Firmicutes,Bacilli,Lactobacillales,na,na,na
Otu1212,Bacteria,na,na,na,na,na,na
Otu1213,Bacteria,na,na,na,na,na,na
Otu1209,Bacteria,Bacteroidetes,Bacteroidia,Bacteroidales,Bacteroidaceae,na,na
Otu1214,Bacteria,na,na,na,na,na,na
Otu1210,Bacteria,Firmicutes,Bacilli,Lactobacillales,Lactobacillaceae,Amylolactobacillus,na
Otu1211,Bacteria,Firmicutes,Bacilli,Lactobacillales,Lactobacillaceae,Amylolactobacillus,na
Otu1216,Bacteria,na,na,na,na,na,na
Otu1218,Bacteria,na,na,na,na,na,na
Otu1220,Bacteria,na,na,na,na,na,na
Otu1219,Bacteria,na,na,na,na,na,na
Otu1215,Bacteria,Actinobacteria,Actinobacteria,Micromonosporales,Micromonosporaceae,Rugosimonospora,na
Otu1222,Bacteria,Firmicutes,Bacilli,Lactobacillales,na,na,na
Otu1224,Bacteria,na,na,na,na,na,na
Otu1217,Bacteria,Firmicutes,na,na,na,na,na
Otu1221,Bacteria,Firmicutes,Bacilli,Lactobacillales,Lactobacillaceae,Amylolactobacillus,na
Otu1223,Bacteria,Firmicutes,Clostridia,Clostridiales,Lachnospiraceae,Clostridium_XlVa,na
Otu1225,Bacteria,Bacteroidetes,na,na,na,na,na
Otu1227,Bacteria,na,na,na,na,na,na
Otu1226,Bacteria,Actinobacteria,Coriobacteriia,na,na,na,na
Otu1232,Bacteria,Firmicutes,Bacilli,Lactobacillales,Streptococcaceae,na,na
Otu1228,Bacteria,Proteobacteria,na,na,na,na,na
Otu1234,Bacteria,na,na,na,na,na,na
Otu1229,Bacteria,Firmicutes,Bacilli,na,na,na,na
Otu1231,Bacteria,Firmicutes,Bacilli,Lactobacillales,Carnobacteriaceae,Granulicatella,na
Otu1233,Bacteria,Firmicutes,Bacilli,na,na,na,na
Otu1237,Bacteria,na,na,na,na,na,na
Otu1230,Bacteria,Actinobacteria,Actinobacteria,Streptomycetales,Streptomycetaceae,Streptomyces,na
Otu1235,Bacteria,Firmicutes,Clostridia,Clostridiales,Lachnospiraceae,Clostridium_XlVb,na
Otu1238,Bacteria,Firmicutes,Clostridia,na,na,na,na
Otu1236,Bacteria,Firmicutes,Bacilli,na,na,na,na
Otu1240,Bacteria,na,na,na,na,na,na
Otu1239,Bacteria,Firmicutes,Clostridia,Clostridiales,Lachnospiraceae,Dorea,na
Otu1241,Bacteria,na,na,na,na,na,na
Otu1243,Bacteria,Firmicutes,Bacilli,na,na,na,na
Otu1246,Bacteria,Firmicutes,na,na,na,na,na
Otu1242,Bacteria,Firmicutes,Bacilli,Lactobacillales,Lactobacillaceae,Lactobacillus,na
Otu1244,Bacteria,Firmicutes,Bacilli,Lactobacillales,Lactobacillaceae,Amylolactobacillus,na
Otu1245,,,Bacteria,Acidobacteria,Acidobacteria_Gp16,Gp16,na
Otu1247,Bacteria,Firmicutes,Bacilli,Lactobacillales,Lactobacillaceae,Amylolactobacillus,na
Otu1248,Bacteria,Firmicutes,Bacilli,Lactobacillales,Lactobacillaceae,Limosilactobacillus,na
Otu1249,Bacteria,Firmicutes,Bacilli,na,na,na,na
Otu1250,Bacteria,Firmicutes,Bacilli,na,na,na,na
Otu1253,Bacteria,Firmicutes,Bacilli,na,na,na,na
Otu1252,Bacteria,Firmicutes,Clostridia,Clostridiales,Lachnospiraceae,na,na
Otu1254,Bacteria,Firmicutes,Erysipelotrichia,Erysipelotrichales,Erysipelotrichaceae,na,na
Otu1261,Bacteria,na,na,na,na,na,na
Otu1256,Bacteria,Firmicutes,Bacilli,Lactobacillales,Lactobacillaceae,Lactobacillus,na
Otu1255,Bacteria,Firmicutes,Bacilli,na,na,na,na
Otu1257,Bacteria,Firmicutes,Bacilli,Lactobacillales,Lactobacillaceae,Amylolactobacillus,na
Otu1258,Bacteria,Firmicutes,Bacilli,Lactobacillales,Lactobacillaceae,Amylolactobacillus,na
Otu1260,Bacteria,Proteobacteria,Alphaproteobacteria,Rhodospirillales,Acetobacteraceae,Roseomonas,na
Otu1259,Bacteria,Firmicutes,Clostridia,na,na,na,na
Otu1262,Bacteria,Firmicutes,Bacilli,Lactobacillales,Lactobacillaceae,na,na
Otu1263,Bacteria,Firmicutes,Bacilli,Lactobacillales,Lactobacillaceae,Lactobacillus,na
Otu1264,Bacteria,Actinobacteria,Coriobacteriia,Eggerthellales,Eggerthellaceae,Slackia,na
Otu1266,Bacteria,Firmicutes,Bacilli,na,na,na,na
Otu1270,,Archaea,Thaumarchaeota,Nitrososphaerales,Nitrososphaeraceae,Nitrososphaera,na
Otu1265,Bacteria,Firmicutes,Bacilli,na,na,na,na
Otu1268,Bacteria,Firmicutes,Clostridia,Clostridiales,Ruminococcaceae,Ruminococcus,na
Otu1271,Bacteria,Bacteroidetes,Bacteroidia,Bacteroidales,Muribaculaceae,Muribaculum,na
Otu1267,Bacteria,Cyanobacteria/Chloroplast,Chloroplast,na,Chloroplast,Streptophyta,na
Otu1269,Bacteria,Firmicutes,Bacilli,Lactobacillales,Lactobacillaceae,Amylolactobacillus,na
Otu1251,Bacteria,Firmicutes,Bacilli,Lactobacillales,Lactobacillaceae,Lactobacillus,na
Otu1273,Bacteria,na,na,na,na,na,na
Otu1272,Bacteria,Actinobacteria,Actinobacteria,Micromonosporales,Micromonosporaceae,Micromonospora,na
Otu1276,Bacteria,Firmicutes,Clostridia,Clostridiales,na,na,na
Otu1274,Bacteria,Firmicutes,Bacilli,Bacillales,na,na,na
Otu1279,Bacteria,Firmicutes,Clostridia,Clostridiales,Lachnospiraceae,na,na
Otu1275,Bacteria,Firmicutes,Bacilli,na,na,na,na
Otu1278,Bacteria,Bacteroidetes,Bacteroidia,Bacteroidales,Bacteroidaceae,Bacteroides,na
Otu1277,Bacteria,Firmicutes,Bacilli,Lactobacillales,Lactobacillaceae,Amylolactobacillus,na
Otu1280,Bacteria,Firmicutes,Clostridia,Clostridiales,Lachnospiraceae,Blautia,na
Otu1282,Bacteria,Firmicutes,Bacilli,Lactobacillales,na,na,na
Otu1286,Bacteria,na,na,na,na,na,na
Otu1283,Bacteria,Firmicutes,Bacilli,Lactobacillales,Lactobacillaceae,Lactobacillus,na
Otu1284,Bacteria,Bacteroidetes,Cytophagia,Cytophagales,na,na,na
Otu1287,Bacteria,Firmicutes,Bacilli,na,na,na,na
Otu1288,Bacteria,Verrucomicrobia,Verrucomicrobiae,Verrucomicrobiales,Akkermansiaceae,Akkermansia,na
Otu1289,Bacteria,Firmicutes,Bacilli,Lactobacillales,Lactobacillaceae,Lactobacillus,na
Otu1285,Bacteria,Actinobacteria,Actinobacteria,Pseudonocardiales,Pseudonocardiaceae,Saccharopolyspora,na
Otu1290,Bacteria,Firmicutes,Bacilli,Lactobacillales,na,na,na
Otu1293,Bacteria,Firmicutes,Clostridia,Clostridiales,Lachnospiraceae,Mediterraneibacter,na
Otu1291,Bacteria,Firmicutes,Bacilli,na,na,na,na
Otu1292,Bacteria,Firmicutes,Bacilli,na,na,na,na
Otu1297,Bacteria,na,na,na,na,na,na
Otu1294,Bacteria,Firmicutes,Bacilli,Lactobacillales,Lactobacillaceae,Amylolactobacillus,na
Otu1281,Bacteria,Firmicutes,na,na,na,na,na
Otu1295,Bacteria,Firmicutes,Bacilli,na,na,na,na
Otu1296,Bacteria,Proteobacteria,na,na,na,na,na
Otu1298,Bacteria,Firmicutes,Clostridia,Clostridiales,Lachnospiraceae,na,na
Otu1302,Bacteria,Firmicutes,Clostridia,Clostridiales,Lachnospiraceae,na,na
Otu1300,Bacteria,Bacteroidetes,Bacteroidia,Bacteroidales,Bacteroidaceae,Anaerorhabdus,na
Otu1299,Bacteria,Firmicutes,Bacilli,Bacillales,na,na,na
Otu1301,Bacteria,Firmicutes,Bacilli,na,na,na,na
Otu1308,Bacteria,na,na,na,na,na,na
Otu1307,Bacteria,na,na,na,na,na,na
Otu1303,Bacteria,Actinobacteria,na,na,na,na,na
Otu1304,Bacteria,Firmicutes,Bacilli,Bacillales,Thermoactinomycetaceae_1,Seinonella,na
Otu1306,Bacteria,Firmicutes,Bacilli,Lactobacillales,Lactobacillaceae,na,na
Otu1310,Bacteria,Firmicutes,Clostridia,Clostridiales,Lachnospiraceae,Frisingicoccus,na
Otu1309,Bacteria,Firmicutes,Bacilli,Lactobacillales,Lactobacillaceae,Amylolactobacillus,na
Otu1311,Bacteria,Firmicutes,Bacilli,na,na,na,na
Otu1312,Bacteria,Actinobacteria,Thermoleophilia,Gaiellales,Gaiellaceae,Gaiella,na
Otu1317,Bacteria,na,na,na,na,na,na
Otu1314,Bacteria,Firmicutes,Bacilli,na,na,na,na
Otu1313,Bacteria,Firmicutes,Bacilli,Lactobacillales,Lactobacillaceae,Limosilactobacillus,na
Otu1305,Bacteria,Firmicutes,Bacilli,na,na,na,na
Otu1316,Bacteria,Actinobacteria,Coriobacteriia,na,na,na,na
Otu1315,Bacteria,Firmicutes,Bacilli,na,na,na,na
Otu1318,Bacteria,Firmicutes,Clostridia,Clostridiales,Lachnospiraceae,Mediterraneibacter,na
Otu1319,Bacteria,Firmicutes,na,na,na,na,na
Otu1324,Bacteria,Firmicutes,Bacilli,Lactobacillales,Lactobacillaceae,Amylolactobacillus,na
Otu1322,Bacteria,Actinobacteria,Coriobacteriia,na,na,na,na
Otu1320,Bacteria,Firmicutes,Bacilli,Lactobacillales,Lactobacillaceae,Lactobacillus,na
Otu1326,Bacteria,Bacteroidetes,Bacteroidia,Bacteroidales,Bacteroidaceae,Phocaeicola,na
Otu1327,Bacteria,Actinobacteria,Actinobacteria,na,na,na,na
Otu1323,Bacteria,Firmicutes,Bacilli,na,na,na,na
Otu1321,Bacteria,Actinobacteria,Actinobacteria,Propionibacteriales,Propionibacteriaceae,Cutibacterium,na
Otu1325,Bacteria,na,na,na,na,na,na
Otu1328,Bacteria,Proteobacteria,na,na,na,na,na
Otu1329,Bacteria,Actinobacteria,Coriobacteriia,Eggerthellales,Eggerthellaceae,na,na
Otu1334,Bacteria,na,na,na,na,na,na
Otu1336,Bacteria,na,na,na,na,na,na
Otu1332,Bacteria,Firmicutes,Clostridia,Clostridiales,Lachnospiraceae,Anaerobutyricum,na
Otu1335,Bacteria,Firmicutes,Clostridia,Clostridiales,Lachnospiraceae,Anaerosporobacter,na
Otu1333,Bacteria,Firmicutes,Bacilli,Bacillales,na,na,na
Otu1330,Bacteria,Firmicutes,Bacilli,na,na,na,na
Otu1331,Bacteria,Actinobacteria,Actinobacteria,Micromonosporales,Micromonosporaceae,Dactylosporangium,na
Otu1338,Bacteria,Bacteroidetes,Sphingobacteriia,Sphingobacteriales,Sphingobacteriaceae,na,na
Otu1341,Bacteria,na,na,na,na,na,na
Otu1340,Bacteria,Actinobacteria,Coriobacteriia,na,na,na,na
Otu1343,Bacteria,Firmicutes,Bacilli,Lactobacillales,na,na,na
Otu1339,Bacteria,Firmicutes,Bacilli,na,na,na,na
Otu1345,Bacteria,na,na,na,na,na,na
Otu1342,Bacteria,Firmicutes,Bacilli,Lactobacillales,Lactobacillaceae,Lactobacillus,na
Otu1344,Bacteria,Actinobacteria,Coriobacteriia,na,na,na,na
Otu1337,Bacteria,Proteobacteria,Deltaproteobacteria,Myxococcales,Polyangiaceae,na,na
Otu1346,Bacteria,Firmicutes,Bacilli,Lactobacillales,Lactobacillaceae,na,na
Otu1348,Bacteria,Firmicutes,Clostridia,Clostridiales,Lachnospiraceae,Enterocloster,na
Otu1347,Bacteria,Firmicutes,Bacilli,Lactobacillales,Lactobacillaceae,Lactobacillus,na
Otu1349,Bacteria,Proteobacteria,na,na,na,na,na
Otu1352,Bacteria,Verrucomicrobia,Spartobacteria,na,na,Spartobacteria_genera_incertae_sedis,na
Otu1350,Bacteria,Firmicutes,Clostridia,Clostridiales,Lachnospiraceae,na,na
Otu1351,Bacteria,Firmicutes,Clostridia,Clostridiales,Lachnospiraceae,Lachnospiracea_incertae_sedis,na
Otu1353,Bacteria,Firmicutes,Bacilli,na,na,na,na
Otu1358,Bacteria,na,na,na,na,na,na
Otu1357,Bacteria,Firmicutes,Clostridia,Clostridiales,Lachnospiraceae,Eisenbergiella,na
Otu1359,Bacteria,na,na,na,na,na,na
Otu1361,Bacteria,na,na,na,na,na,na
Otu1354,Bacteria,Actinobacteria,Rubrobacteria,Rubrobacterales,Rubrobacteraceae,Rubrobacter,na
Otu1356,Bacteria,Firmicutes,Clostridia,Clostridiales,na,na,na
Otu1362,Bacteria,na,na,na,na,na,na
Otu1355,Bacteria,na,na,na,na,na,na
Otu1363,Bacteria,Firmicutes,Bacilli,Bacillales,na,na,na
Otu1360,Bacteria,Actinobacteria,Actinobacteria,Propionibacteriales,Nocardioidaceae,Nocardioides,na
Otu1366,Bacteria,na,na,na,na,na,na
Otu1365,Bacteria,na,na,na,na,na,na
Otu1369,Bacteria,na,na,na,na,na,na
Otu1371,Bacteria,na,na,na,na,na,na
Otu1367,Bacteria,na,na,na,na,na,na
Otu1368,Bacteria,Firmicutes,Bacilli,Lactobacillales,na,na,na
Otu1375,Bacteria,na,na,na,na,na,na
Otu1364,Bacteria,Proteobacteria,Alphaproteobacteria,Rhizobiales,na,na,na
Otu1374,Bacteria,na,na,na,na,na,na
Otu1370,Bacteria,Firmicutes,Bacilli,Lactobacillales,Lactobacillaceae,Lactobacillus,na
Otu1373,Bacteria,Firmicutes,Bacilli,Lactobacillales,Lactobacillaceae,Lactobacillus,na
Otu1372,,,Bacteria,Acidobacteria,Acidobacteria_Gp16,Gp16,na
Otu1376,Bacteria,Proteobacteria,na,na,na,na,na
Otu1383,Bacteria,na,na,na,na,na,na
Otu1378,Bacteria,Firmicutes,Bacilli,Bacillales,na,na,na
Otu1379,Bacteria,Actinobacteria,Coriobacteriia,na,na,na,na
Otu1381,Bacteria,Firmicutes,Clostridia,Clostridiales,Lachnospiraceae,Clostridium_XlVa,na
Otu1382,Bacteria,Bacteroidetes,Cytophagia,Cytophagales,na,na,na
Otu1377,Bacteria,Firmicutes,Clostridia,Clostridiales,na,na,na
Otu1380,Bacteria,Firmicutes,Bacilli,Lactobacillales,Lactobacillaceae,Amylolactobacillus,na
Otu1384,Bacteria,Firmicutes,Bacilli,Lactobacillales,Lactobacillaceae,Amylolactobacillus,na
Otu1385,Bacteria,Firmicutes,Clostridia,Clostridiales,Lachnospiraceae,Enterocloster,na
Otu1390,Bacteria,na,na,na,na,na,na
Otu1388,Bacteria,Bacteroidetes,Bacteroidia,Bacteroidales,Porphyromonadaceae,Parabacteroides,na
Otu1389,Bacteria,Firmicutes,Clostridia,Clostridiales,Lachnospiraceae,na,na
Otu1386,Bacteria,Firmicutes,Clostridia,Clostridiales,Gottschalkiaceae,Gottschalkia,na
Otu1393,Bacteria,Planctomycetes,Planctomycetacia,Pirellulales,Thermoguttaceae,Thermostilla,na
Otu1387,Bacteria,Firmicutes,Bacilli,Bacillales,Thermoactinomycetaceae_1,Seinonella,na
Otu1394,Bacteria,na,na,na,na,na,na
Otu1391,Bacteria,Firmicutes,Bacilli,Bacillales,Paenibacillaceae_1,Paenibacillus,na
Otu1395,Bacteria,Firmicutes,Erysipelotrichia,Erysipelotrichales,Erysipelotrichaceae,Faecalicoccus,na
Otu1392,Bacteria,Firmicutes,Bacilli,Lactobacillales,Lactobacillaceae,Limosilactobacillus,na
Otu1397,Bacteria,Firmicutes,Bacilli,Lactobacillales,Lactobacillaceae,Limosilactobacillus,na
Otu1403,Bacteria,na,na,na,na,na,na
Otu1396,Bacteria,Firmicutes,Bacilli,Lactobacillales,Lactobacillaceae,Amylolactobacillus,na
Otu1399,Bacteria,Firmicutes,Bacilli,Lactobacillales,Lactobacillaceae,na,na
Otu1398,Bacteria,Firmicutes,Bacilli,Lactobacillales,Lactobacillaceae,Limosilactobacillus,na
Otu1401,Bacteria,Firmicutes,Clostridia,Clostridiales,Lachnospiraceae,na,na
Otu1404,Bacteria,na,na,na,na,na,na
Otu1400,Bacteria,Firmicutes,Clostridia,Clostridiales,Peptostreptococcaceae,na,na
Otu1402,Bacteria,Actinobacteria,Actinobacteria,Pseudonocardiales,Pseudonocardiaceae,Pseudonocardia,na
Otu1405,Bacteria,Firmicutes,Clostridia,Clostridiales,na,na,na
Otu1406,Bacteria,Firmicutes,Bacilli,Bacillales,Thermoactinomycetaceae_1,Seinonella,na
