Otu,Domain,Phylum,Class,Order,Family,Genus
Otu14,Bacteria,Firmicutes,Clostridia,Clostridiales,Lachnospiraceae,Clostridium_XlVa
Otu16,Bacteria,Firmicutes,Clostridia,Clostridiales,Lachnospiraceae,na
Otu32,Bacteria,Firmicutes,Clostridia,Clostridiales,Lachnospiraceae,Roseburia
Otu2,Bacteria,Firmicutes,Erysipelotrichia,Erysipelotrichales,Erysipelotrichaceae,Turicibacter
Otu12,Bacteria,Firmicutes,Clostridia,Clostridiales,Lachnospiraceae,Enterocloster
Otu11,Bacteria,Firmicutes,Clostridia,Clostridiales,Lachnospiraceae,Eisenbergiella
Otu9,Bacteria,Firmicutes,Clostridia,Clostridiales,Lachnospiraceae,na
Otu8,Bacteria,Firmicutes,Clostridia,Clostridiales,Lachnospiraceae,na
Otu23,Bacteria,Firmicutes,Clostridia,Clostridiales,Lachnospiraceae,na
Otu26,Bacteria,Firmicutes,Clostridia,Clostridiales,Lachnospiraceae,Hespellia
Otu15,Bacteria,Firmicutes,Clostridia,Clostridiales,Lachnospiraceae,na
Otu3,Bacteria,Verrucomicrobia,Verrucomicrobiae,Verrucomicrobiales,Akkermansiaceae,Akkermansia
Otu45,Bacteria,Firmicutes,Clostridia,Clostridiales,Lachnospiraceae,na
Otu27,Bacteria,Firmicutes,Clostridia,Clostridiales,na,na
Otu42,Bacteria,Firmicutes,Clostridia,Clostridiales,Lachnospiraceae,na
Otu20,Bacteria,Firmicutes,Clostridia,Clostridiales,Lachnospiraceae,Anaerostipes
Otu52,Bacteria,Firmicutes,Clostridia,Clostridiales,Lachnospiraceae,Marvinbryantia
Otu47,Bacteria,Firmicutes,Clostridia,Clostridiales,Lachnospiraceae,na
Otu19,Bacteria,Bacteroidetes,Bacteroidia,Bacteroidales,na,na
Otu48,Bacteria,Firmicutes,Clostridia,Clostridiales,Lachnospiraceae,Roseburia
Otu43,Bacteria,Firmicutes,Clostridia,Clostridiales,Lachnospiraceae,Muricomes
Otu37,Bacteria,Firmicutes,Clostridia,Clostridiales,Lachnospiraceae,na
Otu55,Bacteria,Firmicutes,Clostridia,Clostridiales,Lachnospiraceae,Clostridium_XlVa
Otu38,Bacteria,Bacteroidetes,Flavobacteriia,Flavobacteriales,Flavobacteriaceae,Imtechella
Otu13,Bacteria,Firmicutes,Clostridia,Clostridiales,Ruminococcaceae,na
Otu22,Bacteria,Firmicutes,Clostridia,Clostridiales,Lachnospiraceae,na
Otu25,Bacteria,Bacteroidetes,Bacteroidia,Bacteroidales,na,na
Otu21,Bacteria,Bacteroidetes,Bacteroidia,Bacteroidales,na,na
Otu30,Bacteria,Firmicutes,Clostridia,Clostridiales,na,na
Otu7,Bacteria,Bacteroidetes,Bacteroidia,Bacteroidales,Muribaculaceae,Duncaniella
Otu40,Bacteria,Firmicutes,Clostridia,Clostridiales,Lachnospiraceae,na
Otu6,Bacteria,Firmicutes,Clostridia,Clostridiales,Eubacteriaceae,Eubacterium
Otu33,Bacteria,Firmicutes,Clostridia,Clostridiales,Lachnospiraceae,Faecalicatena
Otu60,Bacteria,Firmicutes,Clostridia,Clostridiales,na,na
Otu57,Bacteria,Firmicutes,Clostridia,Clostridiales,na,na
Otu28,Bacteria,Bacteroidetes,Bacteroidia,Bacteroidales,Porphyromonadaceae,Porphyromonas
Otu44,Bacteria,Firmicutes,Clostridia,Clostridiales,Lachnospiraceae,Faecalicatena
Otu35,Bacteria,Firmicutes,Clostridia,Clostridiales,Lachnospiraceae,Cellulosilyticum
Otu53,Bacteria,Firmicutes,Clostridia,Clostridiales,Ruminococcaceae,Dysosmobacter
Otu29,Bacteria,Firmicutes,Clostridia,Clostridiales,Ruminococcaceae,na
Otu51,Bacteria,Firmicutes,Clostridia,Clostridiales,Lachnospiraceae,Lacrimispora
Otu50,Bacteria,Tenericutes,Mollicutes,Acholeplasmatales,Acholeplasmataceae,Acholeplasma
Otu1,Bacteria,Firmicutes,Bacilli,Lactobacillales,Lactobacillaceae,Lactobacillus
Otu59,Bacteria,Firmicutes,Clostridia,Clostridiales,Lachnospiraceae,Coprococcus
Otu36,Bacteria,Firmicutes,na,na,na,na
Otu56,Bacteria,Firmicutes,Clostridia,Clostridiales,Ruminococcaceae,Intestinimonas
Otu41,Bacteria,Firmicutes,Clostridia,Clostridiales,Ruminococcaceae,Pseudoflavonifractor
Otu46,Bacteria,Firmicutes,Clostridia,Clostridiales,Ruminococcaceae,na
Otu61,Bacteria,Firmicutes,Clostridia,Clostridiales,Lachnospiraceae,Extibacter
Otu17,Bacteria,Actinobacteria,Coriobacteriia,Eggerthellales,Eggerthellaceae,Adlercreutzia
Otu34,Bacteria,Firmicutes,Erysipelotrichia,Erysipelotrichales,Erysipelotrichaceae,Faecalibaculum
Otu10,Bacteria,Actinobacteria,Coriobacteriia,Eggerthellales,Eggerthellaceae,Adlercreutzia
Otu5,Bacteria,Firmicutes,Bacilli,Lactobacillales,Streptococcaceae,Lactococcus
Otu31,Bacteria,Firmicutes,Clostridia,Clostridiales,Lachnospiraceae,Shuttleworthia
Otu49,Bacteria,Firmicutes,Clostridia,Clostridiales,Ruminococcaceae,Ruminococcus
Otu62,Bacteria,Firmicutes,Clostridia,Clostridiales,Lachnospiraceae,Enterocloster
Otu54,Bacteria,Firmicutes,Clostridia,Clostridiales,Ruminococcaceae,Acetivibrio
Otu18,Bacteria,Firmicutes,Clostridia,Clostridiales,Peptostreptococcaceae,Romboutsia
Otu24,Bacteria,Firmicutes,Clostridia,Clostridiales,Clostridiaceae_1,Clostridium_sensu_stricto
Otu39,Bacteria,Firmicutes,Erysipelotrichia,Erysipelotrichales,Erysipelotrichaceae,Clostridium_XVIII
Otu63,Bacteria,Firmicutes,Clostridia,Clostridiales,Lachnospiraceae,na
Otu4,Bacteria,Firmicutes,Bacilli,Bacillales,Bacillaceae_1,Bacillus
Otu58,Eukaryota,Plantae,Liliopsida,Poales,Poaceae,Zea
Otu64,Bacteria,Firmicutes,Clostridia,Clostridiales,Ruminococcaceae,na
Otu65,Bacteria,Firmicutes,Clostridia,Clostridiales,Lachnospiraceae,Clostridium_XlVa
Otu73,Bacteria,Firmicutes,Clostridia,Clostridiales,Lachnospiraceae,na
Otu70,Bacteria,Firmicutes,Clostridia,Clostridiales,Lachnospiraceae,Schaedlerella
Otu109,Bacteria,Firmicutes,Clostridia,Clostridiales,Lachnospiraceae,Marvinbryantia
Otu69,Bacteria,Firmicutes,Clostridia,Clostridiales,Lachnospiraceae,na
Otu82,Bacteria,Firmicutes,Clostridia,Clostridiales,Lachnospiraceae,Mediterraneibacter
Otu67,Bacteria,Bacteroidetes,Bacteroidia,Bacteroidales,Dysgonomonadaceae,Dysgonomonas
Otu95,Bacteria,Firmicutes,Clostridia,Clostridiales,Lachnospiraceae,na
Otu66,Bacteria,Firmicutes,Clostridia,Clostridiales,Ruminococcaceae,Oscillibacter
Otu86,Bacteria,Firmicutes,Clostridia,Clostridiales,Lachnospiraceae,Enterocloster
Otu116,Bacteria,Firmicutes,Clostridia,Clostridiales,Lachnospiraceae,Blautia
Otu71,Bacteria,Firmicutes,Clostridia,Clostridiales,Ruminococcaceae,Flintibacter
Otu79,Bacteria,Firmicutes,Clostridia,Clostridiales,Lachnospiraceae,Acetatifactor
Otu76,Bacteria,Firmicutes,Clostridia,Clostridiales,Lachnospiraceae,Cellulosilyticum
Otu78,Bacteria,Tenericutes,Mollicutes,Acholeplasmatales,Acholeplasmataceae,Acholeplasma
Otu91,Bacteria,Firmicutes,Clostridia,Clostridiales,Lachnospiraceae,na
Otu75,Bacteria,Firmicutes,Clostridia,Clostridiales,Lachnospiraceae,Roseburia
Otu97,Bacteria,Firmicutes,Clostridia,Clostridiales,Lachnospiraceae,na
Otu101,Bacteria,Firmicutes,Clostridia,Clostridiales,Lachnospiraceae,Roseburia
Otu84,Bacteria,Firmicutes,Clostridia,Clostridiales,Lachnospiraceae,Marvinbryantia
Otu105,Bacteria,Bacteroidetes,Bacteroidia,Bacteroidales,Prevotellaceae,Prevotella
Otu77,Bacteria,Firmicutes,Clostridia,Clostridiales,Lachnospiraceae,Anaerocolumna
Otu81,Bacteria,Firmicutes,Clostridia,Clostridiales,Lachnospiraceae,na
Otu90,Bacteria,Firmicutes,Clostridia,Clostridiales,Lachnospiraceae,Muricomes
Otu89,Bacteria,Firmicutes,Clostridia,Clostridiales,Lachnospiraceae,Muricomes
Otu93,Bacteria,Firmicutes,Clostridia,Clostridiales,Lachnospiraceae,Muricomes
Otu72,Bacteria,Firmicutes,Clostridia,Clostridiales,na,na
Otu96,Bacteria,Firmicutes,Clostridia,Clostridiales,Lachnospiraceae,Anaerosporobacter
Otu102,Bacteria,Firmicutes,Clostridia,Clostridiales,Lachnospiraceae,Blautia
Otu74,Bacteria,Firmicutes,Clostridia,Clostridiales,Ruminococcaceae,Papillibacter
Otu83,Bacteria,Bacteroidetes,Bacteroidia,Bacteroidales,Muribaculaceae,Paramuribaculum
Otu92,Bacteria,Firmicutes,Clostridia,Clostridiales,na,na
Otu94,Bacteria,Firmicutes,Clostridia,Clostridiales,Lachnospiraceae,Blautia
Otu104,Bacteria,Firmicutes,Clostridia,Clostridiales,Lachnospiraceae,na
Otu121,Bacteria,Firmicutes,Clostridia,Clostridiales,Lachnospiraceae,Anaerotignum
Otu68,Bacteria,Firmicutes,Clostridia,Clostridiales,Lachnospiraceae,Anaerotignum
Otu88,Bacteria,Firmicutes,Clostridia,Clostridiales,Ruminococcaceae,Dysosmobacter
Otu99,Bacteria,Firmicutes,Clostridia,Clostridiales,Lachnospiraceae,na
Otu80,Bacteria,Firmicutes,Clostridia,Clostridiales,Ruminococcaceae,Acutalibacter
Otu124,Bacteria,Firmicutes,Clostridia,Clostridiales,Lachnospiraceae,na
Otu87,,Bacteria,Cyanobacteria/Chloroplast,Chloroplast,Chloroplast,Streptophyta
Otu113,Bacteria,Firmicutes,Clostridia,Clostridiales,Lachnospiraceae,Roseburia
Otu85,Bacteria,Firmicutes,Clostridia,Clostridiales,Lachnospiraceae,Cellulosilyticum
Otu107,Bacteria,Cyanobacteria/Chloroplast,Chloroplast,na,Chloroplast,Streptophyta
Otu115,Bacteria,Firmicutes,Clostridia,Clostridiales,na,na
Otu114,Bacteria,Firmicutes,Clostridia,Clostridiales,Eubacteriaceae,Eubacterium
Otu111,Bacteria,Firmicutes,Clostridia,Clostridiales,Ruminococcaceae,Oscillibacter
Otu123,Bacteria,Firmicutes,Clostridia,Clostridiales,Lachnospiraceae,na
Otu106,Bacteria,Firmicutes,Clostridia,Clostridiales,Ruminococcaceae,na
Otu119,Bacteria,Firmicutes,Clostridia,Clostridiales,Ruminococcaceae,na
Otu110,Bacteria,Firmicutes,Clostridia,Clostridiales,Ruminococcaceae,Neglecta
Otu120,Bacteria,Firmicutes,Clostridia,Clostridiales,Lachnospiraceae,Enterocloster
Otu118,Bacteria,Firmicutes,na,na,na,na
Otu103,Bacteria,Firmicutes,Erysipelotrichia,Erysipelotrichales,Erysipelotrichaceae,Amedibacillus
Otu108,Bacteria,Firmicutes,Erysipelotrichia,Erysipelotrichales,Erysipelotrichaceae,na
Otu100,Bacteria,Firmicutes,Clostridia,Clostridiales,Clostridiales_Incertae_Sedis_XIII,Mogibacterium
Otu98,Bacteria,Firmicutes,Clostridia,Clostridiales,Clostridiales_Incertae_Sedis_XIII,na
Otu122,Bacteria,Firmicutes,Clostridia,Clostridiales,Lachnospiraceae,Johnsonella
Otu112,Bacteria,Firmicutes,Erysipelotrichia,Erysipelotrichales,Erysipelotrichaceae,Clostridium_XVIII
Otu117,Bacteria,Firmicutes,Clostridia,Clostridiales,Tissierellaceae,Anaerosalibacter
Otu135,Bacteria,Bacteroidetes,Bacteroidia,Bacteroidales,Dysgonomonadaceae,Dysgonomonas
Otu128,Bacteria,Firmicutes,Clostridia,Clostridiales,Ruminococcaceae,Clostridium_IV
Otu159,Bacteria,Firmicutes,Clostridia,Clostridiales,Lachnospiraceae,na
Otu125,Bacteria,Firmicutes,Clostridia,Clostridiales,Lachnospiraceae,Shuttleworthia
Otu164,Bacteria,Firmicutes,Clostridia,Clostridiales,Ruminococcaceae,Flavonifractor
Otu126,Bacteria,Firmicutes,Clostridia,Clostridiales,Ruminococcaceae,na
Otu129,Bacteria,Firmicutes,Clostridia,Clostridiales,Lachnospiraceae,Coprococcus
Otu132,Bacteria,Firmicutes,Clostridia,Clostridiales,na,na
Otu137,Bacteria,Firmicutes,Clostridia,Clostridiales,Lachnospiraceae,na
Otu146,Bacteria,Firmicutes,Clostridia,Clostridiales,Lachnospiraceae,Syntrophococcus
Otu133,Bacteria,Bacteroidetes,Bacteroidia,Bacteroidales,Porphyromonadaceae,na
Otu154,Bacteria,Firmicutes,Clostridia,Clostridiales,Lachnospiraceae,na
Otu139,Bacteria,Firmicutes,Clostridia,Clostridiales,Ruminococcaceae,Colidextribacter
Otu155,Bacteria,Firmicutes,Clostridia,Clostridiales,Ruminococcaceae,Papillibacter
Otu144,Bacteria,Firmicutes,Clostridia,Clostridiales,Ruminococcaceae,na
Otu162,Bacteria,na,na,na,na,na
Otu151,Bacteria,Bacteroidetes,Bacteroidia,Bacteroidales,na,na
Otu145,Bacteria,Firmicutes,Clostridia,Clostridiales,Ruminococcaceae,Dysosmobacter
Otu153,Bacteria,Firmicutes,Clostridia,Clostridiales,Lachnospiraceae,Frisingicoccus
Otu127,Bacteria,Firmicutes,Bacilli,Lactobacillales,Lactobacillaceae,na
Otu142,Bacteria,Firmicutes,Clostridia,Clostridiales,Ruminococcaceae,na
Otu131,Bacteria,Firmicutes,Clostridia,Clostridiales,Lachnospiraceae,Frisingicoccus
Otu130,Bacteria,Firmicutes,Clostridia,Clostridiales,Ruminococcaceae,na
Otu158,Bacteria,Firmicutes,Clostridia,Clostridiales,Ruminococcaceae,Flavonifractor
Otu140,Bacteria,Firmicutes,Clostridia,Clostridiales,Lachnospiraceae,Coprococcus
Otu160,Bacteria,Bacteroidetes,Bacteroidia,Bacteroidales,Dysgonomonadaceae,Dysgonomonas
Otu136,Bacteria,Firmicutes,Clostridia,Clostridiales,Ruminococcaceae,na
Otu163,Bacteria,Firmicutes,Clostridia,Clostridiales,Ruminococcaceae,Dysosmobacter
Otu141,Bacteria,Firmicutes,Clostridia,Clostridiales,Ruminococcaceae,Harryflintia
Otu166,Bacteria,Firmicutes,Clostridia,Clostridiales,Lachnospiraceae,na
Otu156,Bacteria,Firmicutes,Clostridia,Clostridiales,Ruminococcaceae,Ruminococcus
Otu149,Bacteria,Firmicutes,Clostridia,Clostridiales,Ruminococcaceae,Ruminococcus
Otu138,Bacteria,Firmicutes,Clostridia,Clostridiales,Ruminococcaceae,Anaerotruncus
Otu147,Bacteria,Firmicutes,Clostridia,Clostridiales,Lachnospiraceae,Anaerotignum
Otu150,Bacteria,Firmicutes,Clostridia,Clostridiales,Ruminococcaceae,Anaerotruncus
Otu165,Bacteria,Bacteroidetes,Bacteroidia,Bacteroidales,Muribaculaceae,Duncaniella
Otu134,Bacteria,Firmicutes,Clostridia,Clostridiales,Ruminococcaceae,Acetanaerobacterium
Otu157,Bacteria,Firmicutes,Clostridia,Clostridiales,Lachnospiraceae,Cellulosilyticum
Otu171,Bacteria,Firmicutes,Clostridia,Clostridiales,Lachnospiraceae,Enterocloster
Otu176,Bacteria,Firmicutes,Clostridia,Clostridiales,Lachnospiraceae,Faecalicatena
Otu186,Bacteria,Firmicutes,Clostridia,Clostridiales,Lachnospiraceae,na
Otu168,Bacteria,Firmicutes,Clostridia,Clostridiales,Lachnospiraceae,Johnsonella
Otu175,Bacteria,Firmicutes,Clostridia,Clostridiales,Lachnospiraceae,na
Otu148,Bacteria,Firmicutes,Bacilli,Lactobacillales,Lactobacillaceae,Ligilactobacillus
Otu179,Bacteria,Firmicutes,Clostridia,Clostridiales,Lachnospiraceae,Shuttleworthia
Otu177,Bacteria,Firmicutes,Clostridia,Clostridiales,Ruminococcaceae,Dysosmobacter
Otu143,Bacteria,Firmicutes,Clostridia,Clostridiales,Clostridiales_Incertae_Sedis_XIII,na
Otu169,Bacteria,Firmicutes,Clostridia,Clostridiales,Ruminococcaceae,Harryflintia
Otu152,Bacteria,Firmicutes,Clostridia,Clostridiales,na,na
Otu185,Bacteria,Firmicutes,Clostridia,Clostridiales,na,na
Otu161,Eukaryota,Plantae,Liliopsida,Poales,Poaceae,Zea
Otu178,Bacteria,Bacteroidetes,Bacteroidia,Bacteroidales,Porphyromonadaceae,Porphyromonas
Otu167,Bacteria,Firmicutes,Clostridia,Clostridiales,Clostridiales_incertae_sedis,Marinisporobacter
Otu172,Bacteria,Bacteroidetes,Bacteroidia,Bacteroidales,Dysgonomonadaceae,Dysgonomonas
Otu180,Bacteria,Bacteroidetes,Bacteroidia,Bacteroidales,Bacteroidaceae,Bacteroides
Otu183,Bacteria,Firmicutes,Clostridia,Clostridiales,Lachnospiraceae,Butyrivibrio
Otu173,Bacteria,Firmicutes,Clostridia,Clostridiales,Lachnospiraceae,na
Otu187,Bacteria,Firmicutes,Clostridia,Clostridiales,Ruminococcaceae,na
Otu181,Bacteria,Bacteroidetes,Bacteroidia,Bacteroidales,na,na
Otu189,Bacteria,Firmicutes,Clostridia,Clostridiales,Ruminococcaceae,na
Otu184,Bacteria,Bacteroidetes,Bacteroidia,Bacteroidales,Muribaculaceae,Muribaculum
Otu182,Bacteria,Firmicutes,Clostridia,Clostridiales,Ruminococcaceae,Tepidibaculum
Otu205,Bacteria,na,na,na,na,na
Otu170,Bacteria,Firmicutes,Clostridia,Clostridiales,na,na
Otu174,Bacteria,Firmicutes,Bacilli,Lactobacillales,Lactobacillaceae,Lactobacillus
Otu190,Bacteria,Firmicutes,Clostridia,Clostridiales,Lachnospiraceae,na
Otu198,Bacteria,Firmicutes,Clostridia,Clostridiales,Lachnospiraceae,Shuttleworthia
Otu201,Bacteria,Firmicutes,Clostridia,Clostridiales,Lachnospiraceae,na
Otu194,Bacteria,Firmicutes,Clostridia,Clostridiales,Lachnospiraceae,Butyrivibrio
Otu192,Bacteria,Firmicutes,Clostridia,Clostridiales,Ruminococcaceae,Lawsonibacter
Otu196,Bacteria,Firmicutes,Clostridia,Clostridiales,Lachnospiraceae,Cellulosilyticum
Otu200,Bacteria,Firmicutes,Clostridia,Clostridiales,Lachnospiraceae,Hespellia
Otu195,Bacteria,Bacteroidetes,Bacteroidia,Bacteroidales,Porphyromonadaceae,Porphyromonas
Otu191,Bacteria,Firmicutes,Clostridia,Clostridiales,Ruminococcaceae,Harryflintia
Otu207,Bacteria,Bacteroidetes,Bacteroidia,Bacteroidales,Bacteroidaceae,Bacteroides
Otu220,Bacteria,Firmicutes,Clostridia,Clostridiales,na,na
Otu199,Bacteria,Bacteroidetes,Bacteroidia,Bacteroidales,Rikenellaceae,Alistipes
Otu225,Bacteria,Firmicutes,Clostridia,Clostridiales,Lachnospiraceae,na
Otu197,Bacteria,Firmicutes,Clostridia,Clostridiales,na,na
Otu188,Bacteria,Firmicutes,Clostridia,Clostridiales,Clostridiales_Incertae_Sedis_XIII,Mogibacterium
Otu204,Bacteria,Firmicutes,Clostridia,Clostridiales,Lachnospiraceae,Coprococcus
Otu202,Bacteria,Firmicutes,Clostridia,Clostridiales,Lachnospiraceae,na
Otu208,Bacteria,Firmicutes,Clostridia,Clostridiales,Lachnospiraceae,Falcatimonas
Otu193,Bacteria,na,na,na,na,na
Otu215,Bacteria,Firmicutes,Clostridia,Clostridiales,Lachnospiraceae,na
Otu216,Bacteria,Bacteroidetes,Bacteroidia,Bacteroidales,na,na
Otu203,Bacteria,Firmicutes,Clostridia,Clostridiales,Lachnospiraceae,na
Otu209,Bacteria,Firmicutes,Clostridia,Clostridiales,Lachnospiraceae,na
Otu237,Bacteria,na,na,na,na,na
Otu211,Bacteria,Tenericutes,Mollicutes,Acholeplasmatales,Acholeplasmataceae,Acholeplasma
Otu244,Bacteria,Firmicutes,Clostridia,Clostridiales,Ruminococcaceae,na
Otu218,Bacteria,Bacteroidetes,Bacteroidia,Bacteroidales,Rikenellaceae,Alistipes
Otu234,Bacteria,Firmicutes,Clostridia,Clostridiales,Ruminococcaceae,Harryflintia
Otu217,Bacteria,Firmicutes,Clostridia,Clostridiales,Lachnospiraceae,Faecalicatena
Otu231,Bacteria,Proteobacteria,na,na,na,na
Otu214,Bacteria,Firmicutes,Clostridia,Clostridiales,Ruminococcaceae,Monoglobus
Otu242,Bacteria,Bacteroidetes,Bacteroidia,Bacteroidales,Rikenellaceae,Alistipes
Otu223,Bacteria,Firmicutes,Clostridia,Clostridiales,Lachnospiraceae,Clostridium_XlVa
Otu213,Bacteria,Firmicutes,Clostridia,Clostridiales,Ruminococcaceae,Anaerotruncus
Otu210,Bacteria,Firmicutes,Clostridia,Clostridiales,Ruminococcaceae,Ruminococcus
Otu206,Bacteria,Firmicutes,Clostridia,Clostridiales,Clostridiaceae_1,Clostridium_sensu_stricto
Otu222,Bacteria,Firmicutes,Clostridia,Clostridiales,Lachnospiraceae,Clostridium_XlVa
Otu230,Bacteria,Firmicutes,Clostridia,Clostridiales,Lachnospiraceae,na
Otu229,Bacteria,Firmicutes,Clostridia,Clostridiales,Eubacteriaceae,Intestinibacillus
Otu226,Bacteria,Bacteroidetes,Bacteroidia,Bacteroidales,Rikenellaceae,Alistipes
Otu212,Bacteria,Firmicutes,Clostridia,Clostridiales,Clostridiales_Incertae_Sedis_XIII,na
Otu236,Bacteria,Firmicutes,na,na,na,na
Otu228,Bacteria,Firmicutes,Clostridia,Clostridiales,Ruminococcaceae,na
Otu245,Bacteria,Firmicutes,Clostridia,Clostridiales,Lachnospiraceae,na
Otu235,Bacteria,Bacteroidetes,Bacteroidia,Bacteroidales,Rikenellaceae,Alistipes
Otu238,Bacteria,Bacteroidetes,Bacteroidia,Bacteroidales,Bacteroidaceae,Bacteroides
Otu221,Bacteria,Firmicutes,Clostridia,Clostridiales,Peptostreptococcaceae,na
Otu233,Bacteria,Firmicutes,Clostridia,Clostridiales,Ruminococcaceae,na
Otu250,Bacteria,na,na,na,na,na
Otu232,Bacteria,Firmicutes,Clostridia,Clostridiales,Ruminococcaceae,Clostridium_IV
Otu243,Bacteria,Firmicutes,Clostridia,Clostridiales,Lachnospiraceae,Clostridium_XlVa
Otu241,Bacteria,Tenericutes,Mollicutes,Acholeplasmatales,Acholeplasmataceae,Acholeplasma
Otu219,Bacteria,Actinobacteria,Actinobacteria,Bifidobacteriales,Bifidobacteriaceae,Bifidobacterium
Otu239,Bacteria,Firmicutes,Clostridia,Clostridiales,na,na
Otu227,Bacteria,Firmicutes,Clostridia,Clostridiales,na,na
Otu281,Bacteria,na,na,na,na,na
Otu262,Bacteria,Firmicutes,Clostridia,Clostridiales,Lachnospiraceae,na
Otu240,Bacteria,Actinobacteria,Coriobacteriia,na,na,na
Otu271,Bacteria,na,na,na,na,na
Otu277,Bacteria,na,na,na,na,na
Otu255,Bacteria,na,na,na,na,na
Otu259,Bacteria,Bacteroidetes,na,na,na,na
Otu258,Bacteria,na,na,na,na,na
Otu224,Bacteria,Firmicutes,Bacilli,Bacillales,Bacillaceae_1,Saccharococcus
Otu270,Bacteria,na,na,na,na,na
Otu264,Bacteria,na,na,na,na,na
Otu275,Bacteria,Bacteroidetes,Bacteroidia,Bacteroidales,na,na
Otu268,Bacteria,na,na,na,na,na
Otu246,Bacteria,Bacteroidetes,na,na,na,na
Otu254,Bacteria,Firmicutes,Clostridia,Clostridiales,Lachnospiraceae,na
Otu284,Bacteria,na,na,na,na,na
Otu247,Bacteria,Firmicutes,Erysipelotrichia,Erysipelotrichales,Erysipelotrichaceae,Faecalibaculum
Otu278,Bacteria,na,na,na,na,na
Otu253,Bacteria,Bacteroidetes,Bacteroidia,Bacteroidales,na,na
Otu263,Bacteria,Firmicutes,Clostridia,Clostridiales,Lachnospiraceae,na
Otu252,Bacteria,Firmicutes,Clostridia,Clostridiales,Lachnospiraceae,Coprococcus
Otu251,Bacteria,Firmicutes,Erysipelotrichia,Erysipelotrichales,Erysipelotrichaceae,Sharpea
Otu292,Bacteria,na,na,na,na,na
Otu256,Bacteria,Bacteroidetes,Bacteroidia,Bacteroidales,na,na
Otu280,Bacteria,Firmicutes,na,na,na,na
Otu261,Bacteria,Bacteroidetes,Bacteroidia,Bacteroidales,Odoribacteraceae,Odoribacter
Otu287,Bacteria,na,na,na,na,na
Otu249,Bacteria,Firmicutes,Bacilli,Lactobacillales,Lactobacillaceae,na
Otu248,Bacteria,Proteobacteria,Alphaproteobacteria,Sphingomonadales,Sphingomonadaceae,Sphingomonas
Otu260,Bacteria,Firmicutes,Clostridia,Clostridiales,na,na
Otu267,Bacteria,Firmicutes,Clostridia,Clostridiales,Lachnospiraceae,na
Otu306,Bacteria,na,na,na,na,na
Otu293,Bacteria,na,na,na,na,na
Otu276,Bacteria,Firmicutes,Clostridia,Clostridiales,Lachnospiraceae,Lachnobacterium
Otu302,Bacteria,Firmicutes,na,na,na,na
Otu298,Bacteria,na,na,na,na,na
Otu282,Bacteria,Firmicutes,Clostridia,Clostridiales,Lachnospiraceae,na
Otu291,Bacteria,Firmicutes,Clostridia,Clostridiales,Lachnospiraceae,na
Otu309,Bacteria,na,na,na,na,na
Otu272,Bacteria,Actinobacteria,Coriobacteriia,Coriobacteriales,Coriobacteriaceae,Senegalimassilia
Otu305,Bacteria,Firmicutes,Bacilli,Lactobacillales,Streptococcaceae,Streptococcus
Otu301,Bacteria,Firmicutes,na,na,na,na
Otu295,Bacteria,Firmicutes,Clostridia,Clostridiales,Lachnospiraceae,Roseburia
Otu289,Bacteria,Firmicutes,Clostridia,Clostridiales,Lachnospiraceae,na
Otu307,Bacteria,na,na,na,na,na
Otu265,Bacteria,Verrucomicrobia,Verrucomicrobiae,Verrucomicrobiales,Akkermansiaceae,Akkermansia
Otu274,Bacteria,Proteobacteria,Alphaproteobacteria,Rhizobiales,Bradyrhizobiaceae,Bradyrhizobium
Otu269,Bacteria,Firmicutes,Erysipelotrichia,Erysipelotrichales,Erysipelotrichaceae,na
Otu283,Bacteria,Firmicutes,Clostridia,na,na,na
Otu288,Bacteria,Firmicutes,Erysipelotrichia,Erysipelotrichales,Erysipelotrichaceae,Sharpea
Otu285,Bacteria,Firmicutes,Clostridia,Clostridiales,na,na
Otu315,Bacteria,Firmicutes,na,na,na,na
Otu316,Bacteria,na,na,na,na,na
Otu296,Bacteria,Firmicutes,Clostridia,Clostridiales,Lachnospiraceae,na
Otu273,Bacteria,Proteobacteria,Alphaproteobacteria,Rhizobiales,Phyllobacteriaceae,Mesorhizobium
Otu266,Bacteria,Firmicutes,na,na,na,na
Otu290,Bacteria,Spirochaetes,Spirochaetia,Spirochaetales,Spirochaetaceae,Treponema
Otu304,Bacteria,Bacteroidetes,Bacteroidia,Bacteroidales,na,na
Otu279,Bacteria,Proteobacteria,Deltaproteobacteria,Desulfovibrionales,Desulfovibrionaceae,Desulfovibrio
Otu321,Bacteria,na,na,na,na,na
Otu294,Bacteria,Bacteroidetes,Cytophagia,Cytophagales,Fulvivirgaceae,Ohtaekwangia
Otu336,Bacteria,na,na,na,na,na
Otu311,Bacteria,Firmicutes,Clostridia,Clostridiales,Ruminococcaceae,na
Otu331,Bacteria,na,na,na,na,na
Otu303,Bacteria,Firmicutes,Clostridia,Clostridiales,Lachnospiraceae,Cellulosilyticum
Otu257,Bacteria,Actinobacteria,Actinobacteria,Micrococcales,Microbacteriaceae,Compostimonas
Otu330,Bacteria,na,na,na,na,na
Otu313,Bacteria,Firmicutes,Clostridia,Clostridiales,Lachnospiraceae,na
Otu286,Bacteria,Synergistetes,Synergistia,Synergistales,Synergistaceae,Pyramidobacter
Otu299,Bacteria,Firmicutes,Clostridia,Clostridiales,Lachnospiraceae,Blautia
Otu343,Bacteria,na,na,na,na,na
Otu320,Bacteria,na,na,na,na,na
Otu312,Bacteria,Firmicutes,Bacilli,Lactobacillales,na,na
Otu317,Bacteria,Bacteroidetes,Bacteroidia,Bacteroidales,Dysgonomonadaceae,Dysgonomonas
Otu329,Bacteria,Bacteroidetes,na,na,na,na
Otu322,Bacteria,Firmicutes,Clostridia,Clostridiales,Lachnospiraceae,Acetatifactor
Otu326,Bacteria,Firmicutes,Clostridia,Clostridiales,na,na
Otu297,Bacteria,Firmicutes,Bacilli,Lactobacillales,Lactobacillaceae,na
Otu318,Bacteria,Bacteroidetes,Cytophagia,Cytophagales,Cytophagaceae,Cytophaga
Otu300,Bacteria,Firmicutes,Clostridia,Clostridiales,Clostridiaceae_3,Brassicibacter
Otu314,Bacteria,Firmicutes,Erysipelotrichia,Erysipelotrichales,Erysipelotrichaceae,na
Otu325,Bacteria,Bacteroidetes,Bacteroidia,Bacteroidales,na,na
Otu340,Bacteria,Actinobacteria,na,na,na,na
Otu319,Bacteria,Firmicutes,Erysipelotrichia,Erysipelotrichales,Erysipelotrichaceae,na
Otu308,Bacteria,Proteobacteria,Gammaproteobacteria,na,na,na
Otu328,Bacteria,Bacteroidetes,Bacteroidia,Bacteroidales,na,na
Otu342,Bacteria,Firmicutes,Clostridia,Clostridiales,Lachnospiraceae,na
Otu348,Bacteria,na,na,na,na,na
Otu333,Bacteria,Firmicutes,Clostridia,Clostridiales,Lachnospiraceae,na
Otu310,Bacteria,Actinobacteria,Coriobacteriia,Eggerthellales,Eggerthellaceae,Raoultibacter
Otu335,Bacteria,Bacteroidetes,Bacteroidia,Bacteroidales,na,na
Otu324,Bacteria,Actinobacteria,Actinobacteria,Micrococcales,Microbacteriaceae,na
Otu347,Bacteria,Firmicutes,Clostridia,Clostridiales,Lachnospiraceae,Roseburia
Otu341,Bacteria,Firmicutes,Clostridia,Clostridiales,Lachnospiraceae,na
Otu344,Bacteria,Firmicutes,Clostridia,Clostridiales,Ruminococcaceae,na
Otu339,Bacteria,Firmicutes,Clostridia,Clostridiales,Lachnospiraceae,na
Otu355,Bacteria,na,na,na,na,na
Otu327,Bacteria,Bacteroidetes,Sphingobacteriia,Sphingobacteriales,Sphingobacteriaceae,na
Otu359,Bacteria,na,na,na,na,na
Otu346,Bacteria,Firmicutes,Clostridia,Clostridiales,Lachnospiraceae,na
Otu345,Bacteria,Firmicutes,Clostridia,Clostridiales,Peptococcaceae_2,Desulfotomaculum
Otu367,Bacteria,na,na,na,na,na
Otu358,Bacteria,Firmicutes,Clostridia,Clostridiales,Lachnospiraceae,Anaerostipes
Otu372,Bacteria,na,na,na,na,na
Otu337,Bacteria,Bacteroidetes,Bacteroidia,Bacteroidales,Muribaculaceae,Duncaniella
Otu350,Bacteria,Firmicutes,Clostridia,Clostridiales,Lachnospiraceae,Clostridium_XlVa
Otu357,Bacteria,Firmicutes,Erysipelotrichia,Erysipelotrichales,Erysipelotrichaceae,Allobaculum
Otu338,Bacteria,Bacteroidetes,Cytophagia,Cytophagales,na,na
Otu354,Bacteria,Firmicutes,Clostridia,Clostridiales,Lachnospiraceae,Clostridium_XlVa
Otu366,Bacteria,Firmicutes,Clostridia,Clostridiales,Ruminococcaceae,na
Otu373,Bacteria,na,na,na,na,na
Otu370,Bacteria,na,na,na,na,na
Otu332,Bacteria,Firmicutes,Clostridia,Clostridiales,na,na
Otu368,Bacteria,na,na,na,na,na
Otu351,Bacteria,Firmicutes,Bacilli,Lactobacillales,Lactobacillaceae,Lactobacillus
Otu323,Bacteria,Firmicutes,Clostridia,Clostridiales,Christensenellaceae,Christensenella
Otu378,Bacteria,na,na,na,na,na
Otu369,Bacteria,Firmicutes,na,na,na,na
Otu377,Bacteria,na,na,na,na,na
Otu334,Bacteria,Proteobacteria,Betaproteobacteria,Burkholderiales,Sutterellaceae,Turicimonas
Otu360,Bacteria,Firmicutes,Clostridia,Clostridiales,Lachnospiraceae,na
Otu356,Bacteria,Firmicutes,Clostridia,Clostridiales,na,na
Otu380,Bacteria,na,na,na,na,na
Otu384,Bacteria,na,na,na,na,na
Otu349,Bacteria,Bacteroidetes,Cytophagia,Cytophagales,Cytophagaceae,na
Otu363,Bacteria,Bacteroidetes,na,na,na,na
Otu365,Bacteria,Bacteroidetes,Cytophagia,Cytophagales,Cytophagaceae,Emticicia
Otu364,Bacteria,Bacteroidetes,na,na,na,na
Otu352,Bacteria,Firmicutes,Bacilli,Lactobacillales,Streptococcaceae,Streptococcus
Otu386,Bacteria,na,na,na,na,na
Otu394,Bacteria,Firmicutes,Clostridia,Clostridiales,Lachnospiraceae,Hespellia
Otu393,Bacteria,na,na,na,na,na
Otu379,Bacteria,Firmicutes,Clostridia,Clostridiales,Ruminococcaceae,na
Otu375,Bacteria,Firmicutes,Clostridia,Clostridiales,Lachnospiraceae,Syntrophococcus
Otu399,Bacteria,na,na,na,na,na
Otu396,Bacteria,Bacteroidetes,na,na,na,na
Otu361,Bacteria,Firmicutes,Clostridia,na,na,na
Otu400,Bacteria,na,na,na,na,na
Otu395,Bacteria,na,na,na,na,na
Otu397,Bacteria,na,na,na,na,na
Otu404,Bacteria,na,na,na,na,na
Otu398,Bacteria,na,na,na,na,na
Otu411,Bacteria,Firmicutes,Clostridia,Clostridiales,Ruminococcaceae,Flintibacter
Otu385,Bacteria,Ignavibacteriae,Ignavibacteria,Ignavibacteriales,Ignavibacteriaceae,Melioribacter
Otu408,Archaea,na,na,na,na,na
Otu376,Bacteria,Bacteroidetes,Bacteroidia,Bacteroidales,Bacteroidaceae,Bacteroides
Otu383,Bacteria,Firmicutes,Clostridia,Clostridiales,Lachnospiraceae,na
Otu412,Bacteria,na,na,na,na,na
Otu371,Bacteria,Bacteroidetes,Cytophagia,Cytophagales,Cytophagaceae,Emticicia
Otu413,Bacteria,na,na,na,na,na
Otu382,Bacteria,Bacteroidetes,Bacteroidia,Bacteroidales,na,na
Otu390,Bacteria,Firmicutes,Clostridia,Clostridiales,Ruminococcaceae,na
Otu420,Bacteria,na,na,na,na,na
Otu353,Bacteria,Actinobacteria,Actinobacteria,Mycobacteriales,Mycobacteriaceae,Mycobacterium
Otu381,Bacteria,Firmicutes,Clostridia,Clostridiales,na,na
Otu392,Bacteria,Firmicutes,Clostridia,Clostridiales,Lachnospiraceae,na
Otu419,Bacteria,na,na,na,na,na
Otu362,Bacteria,Firmicutes,Clostridia,Clostridiales,Clostridiaceae_1,na
Otu389,Bacteria,Firmicutes,Clostridia,Clostridiales,Ruminococcaceae,Dysosmobacter
Otu402,Bacteria,Firmicutes,Clostridia,Clostridiales,Lachnospiraceae,na
Otu409,Bacteria,na,na,na,na,na
Otu407,Bacteria,Firmicutes,Bacilli,Lactobacillales,Streptococcaceae,Streptococcus
Otu374,Bacteria,Proteobacteria,Betaproteobacteria,Burkholderiales,Comamonadaceae,Aquabacterium
Otu405,Bacteria,Firmicutes,Bacilli,Lactobacillales,na,na
Otu427,Bacteria,na,na,na,na,na
Otu425,Bacteria,na,na,na,na,na
Otu401,Bacteria,Firmicutes,Clostridia,Clostridiales,Ruminococcaceae,Pseudoflavonifractor
Otu426,Bacteria,na,na,na,na,na
Otu421,Bacteria,na,na,na,na,na
Otu428,Bacteria,na,na,na,na,na
Otu422,Bacteria,Bacteroidetes,Bacteroidia,Bacteroidales,na,na
Otu417,Bacteria,Bacteroidetes,Bacteroidia,Bacteroidales,na,na
Otu414,Bacteria,Actinobacteria,Actinobacteria,Mycobacteriales,Corynebacteriaceae,Corynebacterium
Otu391,Bacteria,Firmicutes,Erysipelotrichia,Erysipelotrichales,Erysipelotrichaceae,Allobaculum
Otu403,Bacteria,Firmicutes,Erysipelotrichia,Erysipelotrichales,Erysipelotrichaceae,Allobaculum
Otu406,Bacteria,Firmicutes,Clostridia,Clostridiales,Ruminococcaceae,Oscillibacter
Otu387,Bacteria,Proteobacteria,Betaproteobacteria,Burkholderiales,Oxalobacteraceae,Oxalicibacterium
Otu430,Bacteria,Firmicutes,Clostridia,Clostridiales,Lachnospiraceae,Moryella
Otu388,Bacteria,Firmicutes,Erysipelotrichia,Erysipelotrichales,Erysipelotrichaceae,Breznakia
Otu418,Bacteria,Bacteroidetes,Cytophagia,Cytophagales,Cytophagaceae,na
Otu442,Bacteria,na,na,na,na,na
Otu410,Bacteria,Actinobacteria,Coriobacteriia,Eggerthellales,Eggerthellaceae,Adlercreutzia
Otu434,Bacteria,Firmicutes,Bacilli,Lactobacillales,Streptococcaceae,Lactococcus
Otu433,Bacteria,Firmicutes,Clostridia,Clostridiales,Lachnospiraceae,Clostridium_XlVa
Otu423,Bacteria,Firmicutes,Clostridia,Clostridiales,Ruminococcaceae,na
Otu443,Bacteria,na,na,na,na,na
Otu444,Bacteria,Bacteroidetes,Bacteroidia,Bacteroidales,na,na
Otu438,Bacteria,Firmicutes,Erysipelotrichia,Erysipelotrichales,Erysipelotrichaceae,Erysipelothrix
Otu446,Bacteria,na,na,na,na,na
Otu435,Bacteria,Firmicutes,Clostridia,Clostridiales,Lachnospiraceae,na
Otu429,Bacteria,Firmicutes,Erysipelotrichia,Erysipelotrichales,Erysipelotrichaceae,Allobaculum
Otu458,Bacteria,na,na,na,na,na
Otu459,Bacteria,na,na,na,na,na
Otu416,Bacteria,Firmicutes,na,na,na,na
Otu415,Bacteria,Firmicutes,Bacilli,Lactobacillales,na,na
Otu461,Bacteria,Firmicutes,Clostridia,Clostridiales,Lachnospiraceae,na
Otu424,Bacteria,na,na,na,na,na
Otu451,Bacteria,Firmicutes,Clostridia,Clostridiales,Eubacteriaceae,Eubacterium
Otu445,Bacteria,Firmicutes,Clostridia,Clostridiales,Lachnospiraceae,na
Otu457,Bacteria,na,na,na,na,na
Otu447,Bacteria,Acidobacteria,Acidobacteria_Gp4,na,na,Gp4
Otu455,Bacteria,na,na,na,na,na
Otu469,Bacteria,na,na,na,na,na
Otu470,Bacteria,na,na,na,na,na
Otu467,Bacteria,na,na,na,na,na
Otu452,Bacteria,na,na,na,na,na
Otu436,Bacteria,Firmicutes,Clostridia,Clostridiales,Ruminococcaceae,Acetanaerobacterium
Otu432,Bacteria,Firmicutes,Bacilli,Lactobacillales,Lactobacillaceae,Leuconostoc
Otu471,Bacteria,na,na,na,na,na
Otu456,Bacteria,Firmicutes,Clostridia,Clostridiales,Ruminococcaceae,Oscillibacter
Otu437,Bacteria,Firmicutes,Clostridia,Clostridiales,na,na
Otu474,Bacteria,na,na,na,na,na
Otu431,Bacteria,Firmicutes,Bacilli,Lactobacillales,Lactobacillaceae,na
Otu439,Bacteria,Firmicutes,Clostridia,Clostridiales,na,na
Otu448,Bacteria,Firmicutes,Clostridia,Clostridiales,na,na
Otu475,Bacteria,na,na,na,na,na
Otu460,Bacteria,Firmicutes,Clostridia,Clostridiales,Lachnospiraceae,na
Otu468,Bacteria,Firmicutes,Bacilli,Lactobacillales,Lactobacillaceae,na
Otu449,Bacteria,Firmicutes,Clostridia,Clostridiales,Lachnospiraceae,na
Otu472,Bacteria,Firmicutes,Clostridia,Clostridiales,Lachnospiraceae,na
Otu479,Bacteria,na,na,na,na,na
Otu486,Bacteria,na,na,na,na,na
Otu477,Bacteria,Actinobacteria,Coriobacteriia,na,na,na
Otu465,Bacteria,Firmicutes,Clostridia,Clostridiales,Lachnospiraceae,Lachnospiracea_incertae_sedis
Otu466,Bacteria,Firmicutes,Clostridia,Clostridiales,Lachnospiraceae,Lachnospiracea_incertae_sedis
Otu480,Bacteria,Firmicutes,Clostridia,Clostridiales,Ruminococcaceae,Dysosmobacter
Otu464,Bacteria,Firmicutes,Bacilli,Bacillales,na,na
Otu485,Bacteria,na,na,na,na,na
Otu463,Bacteria,Firmicutes,Clostridia,Clostridiales,Ruminococcaceae,na
Otu450,Bacteria,Firmicutes,Clostridia,Clostridiales,Lachnospiraceae,na
Otu462,Bacteria,Firmicutes,Clostridia,Clostridiales,Ruminococcaceae,na
Otu454,Bacteria,Firmicutes,na,na,na,na
Otu473,Bacteria,Bacteroidetes,Bacteroidia,Bacteroidales,Porphyromonadaceae,Porphyromonas
Otu484,Bacteria,na,na,na,na,na
Otu495,Bacteria,na,na,na,na,na
Otu476,Bacteria,Verrucomicrobia,Verrucomicrobiae,Verrucomicrobiales,Akkermansiaceae,Akkermansia
Otu501,Bacteria,na,na,na,na,na
Otu503,Bacteria,na,na,na,na,na
Otu441,Bacteria,Proteobacteria,na,na,na,na
Otu502,Bacteria,na,na,na,na,na
Otu440,Bacteria,Actinobacteria,Actinobacteria,Streptomycetales,Streptomycetaceae,Streptomyces
Otu496,Bacteria,Firmicutes,na,na,na,na
Otu489,Bacteria,Firmicutes,Clostridia,Clostridiales,Lachnospiraceae,na
Otu478,Bacteria,Firmicutes,Clostridia,Clostridiales,Lachnospiraceae,na
Otu453,Bacteria,Proteobacteria,Betaproteobacteria,Burkholderiales,Oxalobacteraceae,Massilia
Otu505,Bacteria,na,na,na,na,na
Otu483,Bacteria,Verrucomicrobia,Verrucomicrobiae,Verrucomicrobiales,Akkermansiaceae,Akkermansia
Otu506,Bacteria,na,na,na,na,na
Otu497,Bacteria,Firmicutes,Clostridia,Clostridiales,Lachnospiraceae,Coprococcus
Otu492,Bacteria,Actinobacteria,Actinobacteria,Streptosporangiales,na,na
Otu500,Bacteria,Bacteroidetes,Bacteroidia,Bacteroidales,Bacteroidaceae,na
Otu517,Bacteria,na,na,na,na,na
Otu512,Bacteria,na,na,na,na,na
Otu481,Bacteria,Bacteroidetes,na,na,na,na
Otu482,Bacteria,Bacteroidetes,Cytophagia,Cytophagales,na,na
Otu488,Bacteria,Bacteroidetes,Cytophagia,Cytophagales,Cytophagaceae,na
Otu494,Bacteria,Firmicutes,Clostridia,Clostridiales,Lachnospiraceae,na
Otu509,Bacteria,na,na,na,na,na
Otu487,Bacteria,Firmicutes,Clostridia,Clostridiales,na,na
Otu498,Bacteria,Firmicutes,Clostridia,Clostridiales,na,na
Otu511,Bacteria,na,na,na,na,na
Otu510,Bacteria,Firmicutes,Clostridia,Clostridiales,Lachnospiraceae,na
Otu527,Bacteria,na,na,na,na,na
Otu499,Bacteria,Bacteroidetes,Chitinophagia,Chitinophagales,Chitinophagaceae,Parafilimonas
Otu508,Bacteria,Firmicutes,Clostridia,Clostridiales,Lachnospiraceae,na
Otu525,Bacteria,na,na,na,na,na
Otu491,Bacteria,na,na,na,na,na
Otu521,Bacteria,Proteobacteria,na,na,na,na
Otu528,Bacteria,Proteobacteria,na,na,na,na
Otu522,Bacteria,Firmicutes,Erysipelotrichia,Erysipelotrichales,Erysipelotrichaceae,Amedibacillus
Otu493,Bacteria,Firmicutes,Clostridia,Clostridiales,Clostridiaceae_1,Clostridium_sensu_stricto
Otu531,Bacteria,na,na,na,na,na
Otu490,Bacteria,Proteobacteria,Alphaproteobacteria,Rhizobiales,Devosiaceae,Paradevosia
Otu514,Bacteria,Bacteroidetes,Bacteroidia,Bacteroidales,na,na
Otu519,Bacteria,na,na,na,na,na
Otu516,Bacteria,Firmicutes,Clostridia,Clostridiales,Lachnospiraceae,na
Otu523,Bacteria,Bacteroidetes,Bacteroidia,Bacteroidales,Muribaculaceae,Duncaniella
Otu507,Bacteria,Firmicutes,Clostridia,Clostridiales,Ruminococcaceae,Acetanaerobacterium
Otu538,Bacteria,Firmicutes,na,na,na,na
Otu536,Bacteria,Verrucomicrobia,Verrucomicrobiae,Verrucomicrobiales,Akkermansiaceae,Akkermansia
Otu541,Bacteria,na,na,na,na,na
Otu550,Bacteria,na,na,na,na,na
Otu520,Bacteria,Firmicutes,Clostridia,Clostridiales,Ruminococcaceae,na
Otu513,Bacteria,Firmicutes,Clostridia,Clostridiales,Lachnospiraceae,Marvinbryantia
Otu554,Bacteria,na,na,na,na,na
Otu518,Bacteria,Firmicutes,Clostridia,Clostridiales,na,na
Otu515,Bacteria,Deferribacteres,Deferribacteres,Deferribacterales,Deferribacteraceae,Mucispirillum
Otu533,Bacteria,Bacteroidetes,Bacteroidia,Bacteroidales,na,na
Otu548,Bacteria,Bacteroidetes,Bacteroidia,Bacteroidales,Muribaculaceae,Muribaculum
Otu567,Bacteria,na,na,na,na,na
Otu557,Bacteria,na,na,na,na,na
Otu532,Bacteria,Firmicutes,Clostridia,Clostridiales,Lachnospiraceae,na
Otu565,Bacteria,na,na,na,na,na
Otu543,Bacteria,na,na,na,na,na
Otu549,Bacteria,Firmicutes,na,na,na,na
Otu530,Bacteria,Firmicutes,Clostridia,Clostridiales,Ruminococcaceae,na
Otu556,Bacteria,na,na,na,na,na
Otu535,Bacteria,Verrucomicrobia,Verrucomicrobiae,Verrucomicrobiales,Akkermansiaceae,Akkermansia
Otu566,Bacteria,na,na,na,na,na
Otu547,Bacteria,na,na,na,na,na
Otu544,Bacteria,Firmicutes,Clostridia,Clostridiales,Lachnospiraceae,na
Otu559,Bacteria,na,na,na,na,na
Otu524,Bacteria,Firmicutes,na,na,na,na
Otu540,Bacteria,Firmicutes,Bacilli,Lactobacillales,Lactobacillaceae,na
Otu546,Bacteria,Bacteroidetes,Bacteroidia,Bacteroidales,na,na
Otu545,Bacteria,Bacteroidetes,Bacteroidia,Bacteroidales,na,na
Otu526,Bacteria,Firmicutes,Erysipelotrichia,Erysipelotrichales,Erysipelotrichaceae,Faecalicoccus
Otu562,Bacteria,na,na,na,na,na
Otu537,Bacteria,Firmicutes,Erysipelotrichia,Erysipelotrichales,Erysipelotrichaceae,Allobaculum
Otu560,Bacteria,Bacteroidetes,na,na,na,na
Otu568,Bacteria,na,na,na,na,na
Otu529,Bacteria,Firmicutes,Clostridia,Clostridiales,Ruminococcaceae,Acetanaerobacterium
Otu534,Bacteria,Chlamydiae,Chlamydiia,Chlamydiales,Parachlamydiaceae,Neochlamydia
Otu539,Bacteria,Firmicutes,Clostridia,Clostridiales,Lachnospiraceae,na
Otu571,Bacteria,na,na,na,na,na
Otu542,Bacteria,Bacteroidetes,Sphingobacteriia,Sphingobacteriales,Sphingobacteriaceae,Olivibacter
Otu574,Bacteria,Firmicutes,Clostridia,Clostridiales,Lachnospiraceae,na
Otu551,Bacteria,Proteobacteria,Gammaproteobacteria,na,na,na
Otu577,Bacteria,na,na,na,na,na
Otu504,Bacteria,Firmicutes,na,na,na,na
Otu586,Bacteria,Proteobacteria,na,na,na,na
Otu553,Bacteria,Firmicutes,Clostridia,Clostridiales,na,na
Otu552,Bacteria,Firmicutes,Clostridia,Clostridiales,Ruminococcaceae,na
Otu558,Bacteria,Firmicutes,Bacilli,Bacillales,na,na
Otu578,Bacteria,Firmicutes,Bacilli,Lactobacillales,na,na
Otu555,Bacteria,Bacteroidetes,Bacteroidia,Bacteroidales,na,na
Otu564,Bacteria,Bacteroidetes,Flavobacteriia,Flavobacteriales,Weeksellaceae,Apibacter
Otu583,Bacteria,na,na,na,na,na
Otu587,Bacteria,Proteobacteria,na,na,na,na
Otu575,Bacteria,Firmicutes,Clostridia,Clostridiales,Lachnospiraceae,Roseburia
Otu589,Bacteria,Firmicutes,Clostridia,Clostridiales,Lachnospiraceae,Falcatimonas
Otu561,Bacteria,na,na,na,na,na
Otu582,Bacteria,Proteobacteria,na,na,na,na
Otu579,Bacteria,Firmicutes,Bacilli,na,na,na
Otu594,Bacteria,Firmicutes,Bacilli,Lactobacillales,Lactobacillaceae,na
Otu581,Bacteria,Firmicutes,Clostridia,Clostridiales,Lachnospiraceae,Blautia
Otu580,Bacteria,Firmicutes,Clostridia,Clostridiales,Ruminococcaceae,Acetivibrio
Otu573,Bacteria,Firmicutes,Erysipelotrichia,Erysipelotrichales,Erysipelotrichaceae,Amedibacillus
Otu576,Bacteria,Firmicutes,Clostridia,Clostridiales,Lachnospiraceae,na
Otu584,Bacteria,Firmicutes,Clostridia,Clostridiales,Lachnospiraceae,Mediterraneibacter
Otu599,Bacteria,na,na,na,na,na
Otu563,Bacteria,Firmicutes,Erysipelotrichia,Erysipelotrichales,Erysipelotrichaceae,Breznakia
Otu585,Bacteria,na,na,na,na,na
Otu597,Bacteria,na,na,na,na,na
Otu606,Bacteria,na,na,na,na,na
Otu588,Bacteria,Firmicutes,Clostridia,Clostridiales,Lachnospiraceae,Roseburia
Otu605,Bacteria,Proteobacteria,Gammaproteobacteria,na,na,na
Otu569,Bacteria,Firmicutes,Bacilli,Lactobacillales,Streptococcaceae,na
Otu614,Bacteria,na,na,na,na,na
Otu590,Bacteria,Firmicutes,Clostridia,Clostridiales,Lachnospiraceae,Cellulosilyticum
Otu591,Bacteria,Bacteroidetes,na,na,na,na
Otu609,Bacteria,na,na,na,na,na
Otu572,Bacteria,Firmicutes,Clostridia,Clostridiales,Clostridiales_Incertae_Sedis_XVII,Sulfobacillus
Otu570,Bacteria,Firmicutes,Bacilli,Lactobacillales,Lactobacillaceae,na
Otu620,Bacteria,na,na,na,na,na
Otu616,Bacteria,na,na,na,na,na
Otu592,Bacteria,Firmicutes,Clostridia,Clostridiales,na,na
Otu596,Bacteria,na,na,na,na,na
Otu618,Bacteria,Firmicutes,na,na,na,na
Otu624,Bacteria,Proteobacteria,na,na,na,na
Otu593,Bacteria,Tenericutes,Mollicutes,Acholeplasmatales,Acholeplasmataceae,Acholeplasma
Otu617,Bacteria,Proteobacteria,na,na,na,na
Otu629,Bacteria,na,na,na,na,na
Otu625,Bacteria,Firmicutes,Clostridia,Clostridiales,Lachnospiraceae,na
Otu608,Bacteria,Bacteroidetes,Bacteroidia,Bacteroidales,Bacteroidaceae,Phocaeicola
Otu595,Bacteria,Firmicutes,Clostridia,Clostridiales,Lachnospiraceae,na
Otu600,Bacteria,Bacteroidetes,Cytophagia,Cytophagales,Cytophagaceae,na
Otu631,Bacteria,na,na,na,na,na
Otu626,Bacteria,Firmicutes,Erysipelotrichia,Erysipelotrichales,Erysipelotrichaceae,Faecalibaculum
Otu621,Eukaryota,Plantae,Liliopsida,Poales,Poaceae,Zea
Otu615,Bacteria,Firmicutes,Clostridia,Clostridiales,Lachnospiraceae,Lacrimispora
Otu613,Bacteria,Bacteroidetes,Bacteroidia,Bacteroidales,Bacteroidaceae,Phocaeicola
Otu623,Bacteria,Firmicutes,Clostridia,Clostridiales,Lachnospiraceae,Roseburia
Otu604,Bacteria,Firmicutes,Clostridia,Clostridiales,na,na
Otu627,Archaea,Euryarchaeota,Methanobacteria,Methanobacteriales,Methanobacteriaceae,Methanobrevibacter
Otu601,Bacteria,Bacteroidetes,na,na,na,na
Otu628,Bacteria,Firmicutes,Bacilli,na,na,na
Otu640,Bacteria,na,na,na,na,na
Otu603,Bacteria,Firmicutes,Bacilli,Lactobacillales,Lactobacillaceae,Lactobacillus
Otu644,Bacteria,na,na,na,na,na
Otu641,Bacteria,na,na,na,na,na
Otu633,Bacteria,na,na,na,na,na
Otu612,Bacteria,Bacteroidetes,Bacteroidia,Bacteroidales,na,na
Otu630,Bacteria,Firmicutes,Clostridia,Clostridiales,na,na
Otu619,Bacteria,Firmicutes,Clostridia,Clostridiales,Lachnospiraceae,Enterocloster
Otu639,Bacteria,Firmicutes,Clostridia,Clostridiales,Ruminococcaceae,na
Otu649,Bacteria,na,na,na,na,na
Otu598,Bacteria,Firmicutes,Clostridia,Clostridiales,Peptostreptococcaceae,Proteocatella
Otu635,Bacteria,Firmicutes,Clostridia,Clostridiales,Clostridiaceae_1,Clostridium_sensu_stricto
Otu646,Bacteria,na,na,na,na,na
Otu651,Bacteria,na,na,na,na,na
Otu638,Bacteria,Bacteroidetes,Bacteroidia,Bacteroidales,Prevotellaceae,na
Otu647,Bacteria,na,na,na,na,na
Otu611,Bacteria,Firmicutes,Bacilli,Lactobacillales,Lactobacillaceae,Amylolactobacillus
Otu656,Bacteria,na,na,na,na,na
Otu668,Bacteria,na,na,na,na,na
Otu654,Bacteria,na,na,na,na,na
Otu659,Bacteria,na,na,na,na,na
Otu610,Bacteria,Proteobacteria,na,na,na,na
Otu652,Bacteria,Proteobacteria,na,na,na,na
Otu650,Bacteria,Proteobacteria,na,na,na,na
Otu607,Bacteria,Firmicutes,Bacilli,Bacillales,Thermoactinomycetaceae_1,Shimazuella
Otu660,Bacteria,na,na,na,na,na
Otu663,Bacteria,Firmicutes,Clostridia,Clostridiales,na,na
Otu667,Bacteria,Firmicutes,na,na,na,na
Otu642,Bacteria,Verrucomicrobia,Verrucomicrobiae,Verrucomicrobiales,Verrucomicrobiaceae,na
Otu622,Bacteria,Firmicutes,Erysipelotrichia,Erysipelotrichales,Erysipelotrichaceae,Clostridium_XVIII
Otu669,Bacteria,Bacteroidetes,na,na,na,na
Otu665,Bacteria,na,na,na,na,na
Otu666,Bacteria,na,na,na,na,na
Otu671,Bacteria,na,na,na,na,na
Otu645,Bacteria,Firmicutes,Bacilli,Bacillales,na,na
Otu634,Bacteria,Firmicutes,Clostridia,Clostridiales,Ruminococcaceae,Oscillibacter
Otu648,Bacteria,Bacteroidetes,Bacteroidia,Bacteroidales,na,na
Otu680,Bacteria,na,na,na,na,na
Otu679,Bacteria,na,na,na,na,na
Otu657,Bacteria,Firmicutes,Clostridia,Clostridiales,Lachnospiraceae,na
Otu653,Bacteria,Firmicutes,Clostridia,Clostridiales,Ruminococcaceae,na
Otu673,Bacteria,Firmicutes,Bacilli,na,na,na
Otu690,Bacteria,na,na,na,na,na
Otu602,Bacteria,na,na,na,na,na
Otu683,Bacteria,na,na,na,na,na
Otu637,Bacteria,Synergistetes,Synergistia,Synergistales,Synergistaceae,Cloacibacillus
Otu670,Bacteria,Firmicutes,Clostridia,Clostridiales,Lachnospiraceae,na
Otu677,Bacteria,na,na,na,na,na
Otu643,Bacteria,Verrucomicrobia,Verrucomicrobiae,Verrucomicrobiales,Akkermansiaceae,Akkermansia
Otu658,Bacteria,Firmicutes,Clostridia,Clostridiales,Ruminococcaceae,na
Otu686,Bacteria,na,na,na,na,na
Otu636,Bacteria,Firmicutes,Bacilli,Lactobacillales,Streptococcaceae,Streptococcus
Otu685,Bacteria,na,na,na,na,na
Otu684,Bacteria,na,na,na,na,na
Otu662,Bacteria,Firmicutes,Clostridia,Clostridiales,na,na
Otu655,Bacteria,Bacteroidetes,na,na,na,na
Otu687,Bacteria,na,na,na,na,na
Otu693,Bacteria,na,na,na,na,na
Otu674,Bacteria,Proteobacteria,Betaproteobacteria,Burkholderiales,Sutterellaceae,Turicimonas
Otu700,Bacteria,na,na,na,na,na
Otu676,Bacteria,Bacteroidetes,Bacteroidia,Bacteroidales,na,na
Otu691,Bacteria,na,na,na,na,na
Otu672,Bacteria,Firmicutes,Clostridia,Clostridiales,Lachnospiraceae,Howardella
Otu664,Bacteria,Firmicutes,Clostridia,Clostridiales,Ruminococcaceae,na
Otu688,Bacteria,Firmicutes,na,na,na,na
Otu697,Bacteria,na,na,na,na,na
Otu678,Bacteria,Firmicutes,Clostridia,Clostridiales,Lachnospiraceae,na
Otu675,Bacteria,Firmicutes,Clostridia,Clostridiales,Ruminococcaceae,Ruminococcus
Otu699,Bacteria,na,na,na,na,na
Otu702,Bacteria,na,na,na,na,na
Otu661,Bacteria,Firmicutes,Bacilli,Lactobacillales,na,na
Otu706,Bacteria,na,na,na,na,na
Otu681,Bacteria,Firmicutes,Clostridia,Clostridiales,na,na
Otu692,Bacteria,Planctomycetes,Planctomycetacia,Planctomycetales,Planctomycetaceae,Schlesneria
Otu703,Bacteria,na,na,na,na,na
Otu682,Bacteria,Firmicutes,Clostridia,Clostridiales,Ruminococcaceae,Ruminococcus
Otu710,Bacteria,na,na,na,na,na
Otu701,Bacteria,Firmicutes,Clostridia,Clostridiales,na,na
Otu717,Bacteria,na,na,na,na,na
Otu713,Bacteria,Proteobacteria,na,na,na,na
Otu712,Bacteria,Firmicutes,na,na,na,na
Otu714,Archaea,na,na,na,na,na
Otu721,Bacteria,Bacteroidetes,na,na,na,na
Otu694,Bacteria,Bacteroidetes,Bacteroidia,Bacteroidales,Rikenellaceae,Millionella
Otu704,Bacteria,Firmicutes,Erysipelotrichia,Erysipelotrichales,Erysipelotrichaceae,Turicibacter
Otu632,Bacteria,Proteobacteria,Alphaproteobacteria,Rhizobiales,na,na
Otu695,Bacteria,Firmicutes,Clostridia,Clostridiales,Lachnospiraceae,Blautia
Otu718,Bacteria,Firmicutes,Bacilli,na,na,na
Otu720,Bacteria,na,na,na,na,na
Otu741,Bacteria,na,na,na,na,na
Otu724,Bacteria,Actinobacteria,Actinobacteria,na,na,na
Otu719,Bacteria,na,na,na,na,na
Otu740,Bacteria,na,na,na,na,na
Otu689,Bacteria,Firmicutes,Bacilli,Lactobacillales,Lactobacillaceae,Leuconostoc
Otu715,Bacteria,na,na,na,na,na
Otu716,Bacteria,Firmicutes,Bacilli,na,na,na
Otu726,Bacteria,na,na,na,na,na
Otu739,Bacteria,na,na,na,na,na
Otu709,Bacteria,Firmicutes,Clostridia,Clostridiales,Lachnospiraceae,Blautia
Otu705,Bacteria,Firmicutes,Clostridia,Clostridiales,Lachnospiraceae,Parasporobacterium
Otu708,Bacteria,Firmicutes,Clostridia,Clostridiales,Lachnospiraceae,na
Otu738,Bacteria,na,na,na,na,na
Otu731,Bacteria,na,na,na,na,na
Otu732,Bacteria,na,na,na,na,na
Otu711,Bacteria,Firmicutes,Clostridia,Clostridiales,Lachnospiraceae,na
Otu743,Bacteria,na,na,na,na,na
Otu733,Bacteria,Deinococcus-Thermus,Deinococci,Deinococcales,Deinococcaceae,Deinococcus
Otu729,Bacteria,na,na,na,na,na
Otu730,Bacteria,na,na,na,na,na
Otu737,Bacteria,na,na,na,na,na
Otu735,Bacteria,Proteobacteria,na,na,na,na
Otu728,Bacteria,na,na,na,na,na
Otu742,Bacteria,na,na,na,na,na
Otu744,Bacteria,na,na,na,na,na
Otu747,Bacteria,na,na,na,na,na
Otu698,Bacteria,Firmicutes,Bacilli,Bacillales,na,na
Otu745,Bacteria,na,na,na,na,na
Otu734,Bacteria,Firmicutes,Clostridia,Clostridiales,Lachnospiraceae,na
Otu751,Bacteria,na,na,na,na,na
Otu696,Bacteria,Firmicutes,Bacilli,Lactobacillales,Lactobacillaceae,na
Otu722,Bacteria,Firmicutes,Clostridia,Clostridiales,Ruminococcaceae,Faecalibacterium
Otu707,Bacteria,Firmicutes,Bacilli,Lactobacillales,Lactobacillaceae,na
Otu756,Bacteria,na,na,na,na,na
Otu736,Bacteria,Actinobacteria,Coriobacteriia,Eggerthellales,Eggerthellaceae,Adlercreutzia
Otu762,Bacteria,na,na,na,na,na
Otu774,Bacteria,na,na,na,na,na
Otu759,Bacteria,na,na,na,na,na
Otu766,Bacteria,na,na,na,na,na
Otu746,Bacteria,Firmicutes,Clostridia,Clostridiales,Lachnospiraceae,na
Otu765,Bacteria,na,na,na,na,na
Otu723,Bacteria,Firmicutes,Clostridia,Clostridiales,Ruminococcaceae,Ruminococcus
Otu749,Bacteria,Firmicutes,Clostridia,Clostridiales,Lachnospiraceae,Blautia
Otu768,Bacteria,na,na,na,na,na
Otu769,Bacteria,na,na,na,na,na
Otu779,Bacteria,Firmicutes,Clostridia,Clostridiales,Lachnospiraceae,na
Otu772,Bacteria,Bacteroidetes,Bacteroidia,Bacteroidales,Muribaculaceae,Muribaculum
Otu763,Bacteria,na,na,na,na,na
Otu776,Bacteria,na,na,na,na,na
Otu777,Eukaryota,Plantae,Liliopsida,Poales,Poaceae,Zea
Otu754,Bacteria,Firmicutes,Clostridia,Clostridiales,Lachnospiraceae,Lachnospiracea_incertae_sedis
Otu783,Bacteria,Firmicutes,na,na,na,na
Otu725,Bacteria,Actinobacteria,Coriobacteriia,na,na,na
Otu782,Bacteria,na,na,na,na,na
Otu792,Bacteria,na,na,na,na,na
Otu788,Bacteria,na,na,na,na,na
Otu767,Bacteria,Bacteroidetes,Bacteroidia,Bacteroidales,Prevotellaceae,Prevotella
Otu760,Bacteria,Firmicutes,Clostridia,Clostridiales,Lachnospiraceae,na
Otu785,Bacteria,na,na,na,na,na
Otu781,Bacteria,na,na,na,na,na
Otu750,Bacteria,Firmicutes,Clostridia,Clostridiales,na,na
Otu793,Bacteria,na,na,na,na,na
Otu787,Bacteria,na,na,na,na,na
Otu771,Bacteria,Firmicutes,Bacilli,Lactobacillales,Lactobacillaceae,Companilactobacillus
Otu773,Bacteria,na,na,na,na,na
Otu752,Bacteria,Firmicutes,Erysipelotrichia,Erysipelotrichales,Erysipelotrichaceae,Faecalicoccus
Otu755,Bacteria,Bacteroidetes,Bacteroidia,Bacteroidales,na,na
Otu757,Bacteria,Firmicutes,Clostridia,Clostridiales,Ruminococcaceae,Ruminococcus
Otu753,Bacteria,Firmicutes,Bacilli,Lactobacillales,Lactobacillaceae,Lactobacillus
Otu727,Bacteria,Firmicutes,Bacilli,Lactobacillales,na,na
Otu794,Bacteria,na,na,na,na,na
Otu764,Bacteria,Firmicutes,Clostridia,Clostridiales,Lachnospiraceae,Johnsonella
Otu786,Bacteria,Firmicutes,na,na,na,na
Otu748,Bacteria,Firmicutes,Bacilli,Bacillales,na,na
Otu790,Bacteria,na,na,na,na,na
Otu778,Bacteria,Bacteroidetes,Bacteroidia,Bacteroidales,Dysgonomonadaceae,Dysgonomonas
Otu799,Bacteria,na,na,na,na,na
Otu758,Bacteria,Firmicutes,Clostridia,Clostridiales,Lachnospiraceae,Acetivibrio
Otu789,Bacteria,Firmicutes,Bacilli,Lactobacillales,Lactobacillaceae,na
Otu802,Bacteria,na,na,na,na,na
Otu780,Bacteria,na,na,na,na,na
Otu775,Bacteria,na,na,na,na,na
Otu816,Bacteria,na,na,na,na,na
Otu803,Bacteria,na,na,na,na,na
Otu807,Bacteria,Firmicutes,Clostridia,Clostridiales,Lachnospiraceae,na
Otu761,Bacteria,Firmicutes,Bacilli,na,na,na
Otu812,Bacteria,na,na,na,na,na
Otu804,Bacteria,na,na,na,na,na
Otu801,Bacteria,Tenericutes,Mollicutes,na,na,na
Otu800,Bacteria,Proteobacteria,na,na,na,na
Otu813,Bacteria,na,na,na,na,na
Otu817,Bacteria,Proteobacteria,na,na,na,na
Otu806,Bacteria,na,na,na,na,na
Otu818,Bacteria,na,na,na,na,na
Otu796,Bacteria,Firmicutes,Clostridia,Clostridiales,Lachnospiraceae,na
Otu815,Bacteria,na,na,na,na,na
Otu810,Bacteria,na,na,na,na,na
Otu805,Bacteria,na,na,na,na,na
Otu808,Bacteria,Firmicutes,Clostridia,Clostridiales,Lachnospiraceae,na
Otu822,Bacteria,na,na,na,na,na
Otu829,Bacteria,na,na,na,na,na
Otu828,Bacteria,na,na,na,na,na
Otu840,Bacteria,na,na,na,na,na
Otu830,Bacteria,na,na,na,na,na
Otu791,Bacteria,Firmicutes,Bacilli,Bacillales,Staphylococcaceae,Staphylococcus
Otu844,Bacteria,na,na,na,na,na
Otu841,Bacteria,na,na,na,na,na
Otu784,Bacteria,Firmicutes,na,na,na,na
Otu833,Bacteria,na,na,na,na,na
Otu842,Bacteria,na,na,na,na,na
Otu797,Bacteria,Firmicutes,Bacilli,na,na,na
Otu835,Bacteria,na,na,na,na,na
Otu795,Bacteria,Firmicutes,Bacilli,Lactobacillales,Lactobacillaceae,Amylolactobacillus
Otu809,Bacteria,Firmicutes,na,na,na,na
Otu843,Bacteria,Firmicutes,Clostridia,na,na,na
Otu825,Bacteria,Firmicutes,Bacilli,na,na,na
Otu823,Bacteria,Firmicutes,Clostridia,Clostridiales,Lachnospiraceae,na
Otu832,Bacteria,na,na,na,na,na
Otu846,Bacteria,na,na,na,na,na
Otu845,Bacteria,na,na,na,na,na
Otu798,Bacteria,Firmicutes,Bacilli,Lactobacillales,Lactobacillaceae,Amylolactobacillus
Otu834,Bacteria,Firmicutes,Bacilli,Lactobacillales,Aerococcaceae,na
Otu838,Bacteria,Firmicutes,Clostridia,Clostridiales,Lachnospiraceae,Anaerosporobacter
Otu820,Bacteria,Firmicutes,Clostridia,Clostridiales,Lachnospiraceae,Dorea
Otu855,Bacteria,na,na,na,na,na
Otu862,Bacteria,na,na,na,na,na
Otu770,Bacteria,Firmicutes,Bacilli,na,na,na
Otu827,Bacteria,Firmicutes,Erysipelotrichia,Erysipelotrichales,Erysipelotrichaceae,na
Otu851,Bacteria,na,na,na,na,na
Otu811,Bacteria,Firmicutes,Clostridia,Clostridiales,Lachnospiraceae,na
Otu852,Bacteria,na,na,na,na,na
Otu824,Bacteria,Firmicutes,Clostridia,Clostridiales,Lachnospiraceae,Falcatimonas
Otu861,Bacteria,na,na,na,na,na
Otu859,Bacteria,na,na,na,na,na
Otu831,Bacteria,Firmicutes,Clostridia,Clostridiales,Ruminococcaceae,Faecalibacterium
Otu860,Bacteria,na,na,na,na,na
Otu857,Bacteria,na,na,na,na,na
Otu821,Bacteria,Firmicutes,Clostridia,Clostridiales,Lachnospiraceae,Blautia
Otu863,Bacteria,Proteobacteria,na,na,na,na
Otu826,Bacteria,Firmicutes,Bacilli,Lactobacillales,Lactobacillaceae,na
Otu839,Bacteria,Firmicutes,Bacilli,Lactobacillales,Lactobacillaceae,Lactobacillus
Otu867,Bacteria,na,na,na,na,na
Otu814,Bacteria,Firmicutes,Bacilli,Lactobacillales,Lactobacillaceae,na
Otu864,Bacteria,na,na,na,na,na
Otu853,Bacteria,Firmicutes,Bacilli,Lactobacillales,Lactobacillaceae,Limosilactobacillus
Otu819,Bacteria,Firmicutes,Bacilli,Lactobacillales,Lactobacillaceae,Amylolactobacillus
Otu871,Bacteria,na,na,na,na,na
Otu837,Bacteria,Firmicutes,Bacilli,Lactobacillales,Lactobacillaceae,Limosilactobacillus
Otu856,Bacteria,Firmicutes,Clostridia,Clostridiales,Lachnospiraceae,Anaerobutyricum
Otu848,Bacteria,Bacteroidetes,Sphingobacteriia,Sphingobacteriales,Sphingobacteriaceae,na
Otu866,Bacteria,na,na,na,na,na
Otu869,Bacteria,Firmicutes,Clostridia,Clostridiales,Lachnospiraceae,Enterocloster
Otu854,Bacteria,Firmicutes,Clostridia,Clostridiales,Lachnospiraceae,Anaerotignum
Otu868,Bacteria,Firmicutes,Clostridia,Clostridiales,Lachnospiraceae,na
Otu870,Bacteria,na,na,na,na,na
Otu881,Bacteria,na,na,na,na,na
Otu875,Bacteria,na,na,na,na,na
Otu858,Bacteria,na,na,na,na,na
Otu872,Bacteria,na,na,na,na,na
Otu879,Bacteria,Firmicutes,Clostridia,Clostridiales,Lachnospiraceae,Hespellia
Otu847,Bacteria,Firmicutes,Bacilli,Lactobacillales,na,na
Otu849,Bacteria,Firmicutes,na,na,na,na
Otu850,Bacteria,Bacteroidetes,Bacteroidia,Bacteroidales,Bacteroidaceae,Anaerorhabdus
Otu836,Bacteria,Proteobacteria,Gammaproteobacteria,Pseudomonadales,Pseudomonadaceae,Pseudomonas
Otu865,Bacteria,Bacteroidetes,na,na,na,na
Otu874,Bacteria,Firmicutes,Clostridia,Clostridiales,na,na
Otu873,Bacteria,Firmicutes,Bacilli,Lactobacillales,Lactobacillaceae,Lactobacillus
Otu880,Bacteria,Firmicutes,Bacilli,Lactobacillales,Lactobacillaceae,Limosilactobacillus
Otu876,Bacteria,Firmicutes,Bacilli,na,na,na
Otu878,Bacteria,Firmicutes,Bacilli,Lactobacillales,Lactobacillaceae,Limosilactobacillus
Otu877,Bacteria,Proteobacteria,na,na,na,na
