	Kingdom	Phylum	Class	Order	Family	Genus
Otu1	Bacteria	Firmicutes	Clostridia	Lachnospirales	Lachnospiraceae	
Otu10	Bacteria	Firmicutes	Clostridia	Oscillospirales	Ruminococcaceae	
Otu100	Bacteria	Firmicutes	Negativicutes	Veillonellales-Selenomonadales	Veillonellaceae	Megasphaera
Otu1005	Unclassified					
Otu1008	Unclassified					
Otu101	Bacteria	Bacteroidota	Bacteroidia	Bacteroidales	Muribaculaceae	
Otu1014	Bacteria	Firmicutes	Clostridia	Oscillospirales	Ruminococcaceae	
Otu1016	Bacteria	Firmicutes	Clostridia	Oscillospirales	Ruminococcaceae	Ruminococcus
Otu1017	Bacteria	Firmicutes	Clostridia	Oscillospirales	Oscillospiraceae	
Otu1018	Unclassified					
Otu102	Bacteria	Firmicutes	Negativicutes	Veillonellales-Selenomonadales	Veillonellaceae	Veillonella
Otu1021	Unclassified					
Otu1027	Bacteria	Firmicutes	Clostridia	Lachnospirales	Lachnospiraceae	FD2005
Otu103	Bacteria	Firmicutes	Clostridia	Oscillospirales		
Otu1030	Unclassified					
Otu1037	Unclassified					
Otu1039	Bacteria	Firmicutes	Clostridia	Oscillospirales	Ruminococcaceae	
Otu104	Bacteria	Firmicutes	Clostridia	Lachnospirales	Lachnospiraceae	
Otu1046	Unclassified					
Otu105	Bacteria	Bacteroidota	Bacteroidia	Bacteroidales		
Otu1051	Unclassified					
Otu1054	Unclassified					
Otu106	Bacteria	Firmicutes	Negativicutes	Veillonellales-Selenomonadales	Veillonellaceae	Veillonella
Otu1062	Unclassified					
Otu1064	Unclassified					
Otu1065	Bacteria	Bacteroidota	Bacteroidia	Cytophagales	Amoebophilaceae	Candidatus Amoebophilus
Otu1066	Unclassified					
Otu107	Bacteria	Firmicutes	Clostridia	Christensenellales	Christensenellaceae	Christensenellaceae R-7 group
Otu1073	Bacteria	Firmicutes	Clostridia			
Otu108	Bacteria	Firmicutes	Clostridia	Oscillospirales	Oscillospiraceae	
Otu1080	Bacteria	Bacteroidota	Bacteroidia	Sphingobacteriales	Sphingobacteriaceae	
Otu1086	Unclassified					
Otu109	Bacteria	Firmicutes	Clostridia	Lachnospirales	Lachnospiraceae	Coprococcus
Otu1091	Bacteria	Firmicutes	Clostridia	Lachnospirales	Lachnospiraceae	
Otu11	Bacteria	Bacteroidota	Bacteroidia	Bacteroidales	Bacteroidaceae	Bacteroides
Otu110	Bacteria	Firmicutes	Clostridia	Lachnospirales	Lachnospiraceae	
Otu1104	Unclassified					
Otu111	Bacteria	Proteobacteria	Gammaproteobacteria	Burkholderiales	Sutterellaceae	Parasutterella
Otu1112	Bacteria	Bacteroidota	Bacteroidia	Bacteroidales		
Otu112	Bacteria	Verrucomicrobiota	Verrucomicrobiae	Verrucomicrobiales	Akkermansiaceae	Akkermansia
Otu1121	Bacteria	Firmicutes	Clostridia	Oscillospirales		
Otu1122	Unclassified					
Otu1127	Bacteria	Firmicutes	Clostridia	Oscillospirales	Ruminococcaceae	
Otu113	Bacteria	Bacteroidota	Bacteroidia	Bacteroidales	Bacteroidaceae	Bacteroides
Otu1133	Bacteria	Firmicutes	Clostridia	Lachnospirales	Lachnospiraceae	
Otu1136	Bacteria	Actinobacteriota	Actinobacteria	Bifidobacteriales	Bifidobacteriaceae	Bifidobacterium
Otu114	Bacteria	Firmicutes	Clostridia	Oscillospirales	Butyricicoccaceae	Butyricicoccus
Otu1143	Bacteria	Firmicutes	Clostridia	Lachnospirales	Lachnospiraceae	
Otu1144	Bacteria	Firmicutes	Clostridia	Oscillospirales	Ruminococcaceae	
Otu1149	Bacteria	Firmicutes	Clostridia	Lachnospirales	Lachnospiraceae	
Otu115	Bacteria	Firmicutes	Negativicutes	Veillonellales-Selenomonadales	Veillonellaceae	Veillonella
Otu1151	Unclassified					
Otu1152	Unclassified					
Otu1153	Unclassified					
Otu1154	Bacteria	Firmicutes	Clostridia	Lachnospirales	Lachnospiraceae	Lachnospiraceae UCG-008
Otu116	Bacteria	Firmicutes	Clostridia	Lachnospirales	Lachnospiraceae	uncultured
Otu1161	Bacteria	Firmicutes	Clostridia	Lachnospirales	Lachnospiraceae	
Otu1163	Unclassified					
Otu1166	Bacteria	Firmicutes	Clostridia	Lachnospirales	Lachnospiraceae	Lachnospiraceae NK4A136 group
Otu117	Bacteria	Proteobacteria	Gammaproteobacteria	Burkholderiales		
Otu1173	Bacteria	Actinobacteriota	Actinobacteria	Bifidobacteriales	Bifidobacteriaceae	Bifidobacterium
Otu1177	Unclassified					
Otu118	Bacteria	Firmicutes	Clostridia	Lachnospirales	Lachnospiraceae	
Otu1189	Unclassified					
Otu119	Bacteria	Firmicutes	Clostridia	Oscillospirales	Ruminococcaceae	Incertae Sedis
Otu1190	Unclassified					
Otu1191	Unclassified					
Otu1194	Bacteria	Firmicutes	Clostridia	Lachnospirales	Lachnospiraceae	Agathobacter
Otu1195	Unclassified					
Otu1196	Bacteria	Firmicutes	Clostridia	Lachnospirales	Lachnospiraceae	
Otu1198	Unclassified					
Otu12	Bacteria	Firmicutes	Clostridia	Lachnospirales	Lachnospiraceae	
Otu120	Bacteria	Firmicutes	Clostridia	Lachnospirales	Lachnospiraceae	
Otu121	Bacteria	Firmicutes	Bacilli	Erysipelotrichales	Erysipelatoclostridiaceae	
Otu1218	Unclassified					
Otu1219	Unclassified					
Otu1224	Unclassified					
Otu123	Bacteria	Proteobacteria	Gammaproteobacteria	Enterobacterales		
Otu1232	Unclassified					
Otu1234	Bacteria	Firmicutes	Clostridia			
Otu1237	Bacteria	Firmicutes	Clostridia	Lachnospirales	Lachnospiraceae	Lachnospiraceae NK4A136 group
Otu124	Bacteria	Firmicutes	Bacilli	Lactobacillales	Lactobacillaceae	
Otu1249	Bacteria	Actinobacteriota	Actinobacteria	Bifidobacteriales	Bifidobacteriaceae	Bifidobacterium
Otu125	Bacteria	Firmicutes	Clostridia	Lachnospirales	Lachnospiraceae	
Otu1253	Unclassified					
Otu1257	Unclassified					
Otu126	Bacteria	Firmicutes	Clostridia			
Otu1260	Unclassified					
Otu1264	Bacteria	Firmicutes	Clostridia	Oscillospirales	[Eubacterium] coprostanoligenes group	
Otu1267	Bacteria	Firmicutes	Clostridia			
Otu127	Bacteria	Bacteroidota	Bacteroidia	Bacteroidales	Bacteroidaceae	Bacteroides
Otu1273	Unclassified					
Otu128	Bacteria	Firmicutes	Clostridia	Oscillospirales	Oscillospiraceae	
Otu1284	Unclassified					
Otu1286	Bacteria	Firmicutes	Clostridia	Lachnospirales	Lachnospiraceae	
Otu129	Bacteria	Bacteroidota	Bacteroidia	Bacteroidales	Tannerellaceae	Parabacteroides
Otu1290	Bacteria	Firmicutes	Clostridia	Lachnospirales	Lachnospiraceae	
Otu1292	Unclassified					
Otu1295	Bacteria	Firmicutes	Clostridia	Lachnospirales	Lachnospiraceae	
Otu13	Bacteria	Firmicutes	Clostridia	Lachnospirales	Lachnospiraceae	Roseburia
Otu130	Bacteria	Firmicutes	Clostridia	Clostridia UCG-014		
Otu1304	Bacteria	Firmicutes	Negativicutes	Acidaminococcales	Acidaminococcaceae	uncultured
Otu131	Bacteria	Firmicutes	Bacilli	Erysipelotrichales	Erysipelotrichaceae	
Otu1311	Bacteria	Firmicutes	Clostridia	Lachnospirales	Lachnospiraceae	
Otu1315	Bacteria	Firmicutes	Clostridia	Lachnospirales	Lachnospiraceae	Lachnospiraceae UCG-008
Otu132	Bacteria	Firmicutes	Clostridia	Eubacteriales	Eubacteriaceae	Eubacterium
Otu1321	Bacteria	Firmicutes	Clostridia			
Otu1328	Unclassified					
Otu1329	Bacteria	Firmicutes	Clostridia	Lachnospirales	Lachnospiraceae	
Otu133	Bacteria	Firmicutes	Clostridia	Oscillospirales	Oscillospiraceae	
Otu1336	Bacteria	Firmicutes	Clostridia			
Otu134	Bacteria	Firmicutes	Negativicutes	Veillonellales-Selenomonadales	Veillonellaceae	Dialister
Otu1346	Unclassified					
Otu1357	Unclassified					
Otu136	Bacteria	Bacteroidota	Bacteroidia	Bacteroidales	Muribaculaceae	
Otu137	Bacteria	Firmicutes	Clostridia	Oscillospirales	Oscillospiraceae	UCG-002
Otu138	Bacteria	Actinobacteriota	Coriobacteriia	Coriobacteriales	Coriobacteriales Incertae Sedis	uncultured
Otu1381	Bacteria	Firmicutes	Bacilli	RF39		
Otu139	Bacteria	Firmicutes	Clostridia	Monoglobales	Monoglobaceae	Monoglobus
Otu1390	Bacteria	Firmicutes	Clostridia	Lachnospirales	Lachnospiraceae	
Otu1397	Unclassified					
Otu14	Bacteria	Firmicutes	Clostridia	Lachnospirales	Lachnospiraceae	
Otu140	Bacteria	Firmicutes	Clostridia	Clostridia UCG-014		
Otu1406	Unclassified					
Otu1407	Bacteria	Firmicutes	Clostridia	Oscillospirales	Ruminococcaceae	Ruminococcus
Otu141	Bacteria	Firmicutes	Clostridia	Oscillospirales	Butyricicoccaceae	Butyricicoccus
Otu1415	Bacteria	Firmicutes	Clostridia	Lachnospirales	Lachnospiraceae	
Otu142	Bacteria	Firmicutes	Clostridia	Clostridiales	Clostridiaceae	Clostridium sensu stricto 1
Otu1420	Unclassified					
Otu1424	Unclassified					
Otu1429	Bacteria	Firmicutes	Clostridia	Oscillospirales	Ruminococcaceae	Caproiciproducens
Otu143	Bacteria	Bacteroidota	Bacteroidia	Bacteroidales	Barnesiellaceae	Coprobacter
Otu1439	Unclassified					
Otu1448	Bacteria	Firmicutes	Clostridia	Oscillospirales	Ruminococcaceae	Ruminococcus
Otu145	Bacteria	Firmicutes	Bacilli	Erysipelotrichales	Erysipelotrichaceae	Faecalitalea
Otu146	Bacteria	Firmicutes	Clostridia	Lachnospirales	Lachnospiraceae	
Otu1464	Bacteria	Actinobacteriota	Coriobacteriia	OPB41		
Otu1467	Bacteria	Firmicutes	Clostridia	Oscillospirales		
Otu147	Bacteria	Firmicutes	Clostridia	Clostridia UCG-014		
Otu1474	Bacteria	Firmicutes				
Otu1476	Unclassified					
Otu148	Bacteria	Firmicutes	Clostridia	Oscillospirales	[Eubacterium] coprostanoligenes group	
Otu1480	Unclassified					
Otu15	Bacteria	Firmicutes	Negativicutes	Acidaminococcales	Acidaminococcaceae	Phascolarctobacterium
Otu150	Bacteria	Firmicutes	Clostridia	Oscillospirales	Oscillospiraceae	uncultured
Otu151	Bacteria	Bacteroidota	Bacteroidia	Bacteroidales	Rikenellaceae	Alistipes
Otu1515	Unclassified					
Otu152	Bacteria	Firmicutes	Clostridia	Christensenellales	Christensenellaceae	Christensenellaceae R-7 group
Otu1522	Bacteria	Firmicutes	Clostridia	Lachnospirales	Lachnospiraceae	
Otu1523	Unclassified					
Otu1524	Unclassified					
Otu1525	Unclassified					
Otu1527	Bacteria	Firmicutes	Clostridia			
Otu153	Bacteria	Firmicutes	Clostridia	Oscillospirales	Oscillospiraceae	UCG-005
Otu1534	Unclassified					
Otu1536	Unclassified					
Otu154	Bacteria	Firmicutes	Clostridia	Oscillospirales	Oscillospiraceae	Colidextribacter
Otu1543	Unclassified					
Otu155	Bacteria	Firmicutes	Bacilli	Erysipelotrichales	Erysipelotrichaceae	[Clostridium] innocuum group
Otu1552	Unclassified					
Otu1560	Bacteria	Firmicutes	Clostridia			
Otu157	Bacteria	Firmicutes	Clostridia	Oscillospirales	Ruminococcaceae	uncultured
Otu1577	Bacteria	Firmicutes	Clostridia	Lachnospirales	Lachnospiraceae	
Otu158	Bacteria	Firmicutes	Clostridia	Oscillospirales	Oscillospiraceae	uncultured
Otu159	Bacteria	Actinobacteriota	Coriobacteriia	Coriobacteriales	Eggerthellaceae	Eggerthella
Otu1592	Unclassified					
Otu16	Bacteria	Firmicutes	Clostridia	Lachnospirales	Lachnospiraceae	
Otu160	Bacteria	Firmicutes	Clostridia	Lachnospirales	Lachnospiraceae	Blautia
Otu1600	Bacteria	Firmicutes	Clostridia	Oscillospirales		
Otu1604	Bacteria	Actinobacteriota	Actinobacteria	Bifidobacteriales	Bifidobacteriaceae	Bifidobacterium
Otu1607	Bacteria	Firmicutes	Clostridia	Oscillospirales	Ruminococcaceae	
Otu161	Bacteria	Firmicutes	Negativicutes	Veillonellales-Selenomonadales		
Otu162	Bacteria	Firmicutes	Clostridia	Oscillospirales		
Otu1621	Unclassified					
Otu1622	Unclassified					
Otu1628	Unclassified					
Otu1629	Unclassified					
Otu163	Bacteria	Firmicutes	Bacilli	Erysipelotrichales	Erysipelotrichaceae	Faecalibaculum
Otu164	Bacteria	Firmicutes	Clostridia	Lachnospirales	Lachnospiraceae	
Otu165	Bacteria	Firmicutes	Clostridia	Lachnospirales	Lachnospiraceae	Butyrivibrio
Otu1653	Unclassified					
Otu1658	Bacteria	Bacteroidota	Bacteroidia	Bacteroidales	Barnesiellaceae	Barnesiella
Otu1659	Unclassified					
Otu166	Bacteria	Firmicutes	Clostridia	Oscillospirales	Oscillospiraceae	
Otu1669	Bacteria	Firmicutes	Clostridia	Lachnospirales	Lachnospiraceae	
Otu1676	Bacteria	Firmicutes	Clostridia	Lachnospirales	Lachnospiraceae	
Otu1678	Unclassified					
Otu169	Bacteria	Bacteroidota	Bacteroidia	Bacteroidales	Muribaculaceae	
Otu1690	Bacteria	Firmicutes	Clostridia			
Otu17	Bacteria	Firmicutes	Clostridia	Lachnospirales	Lachnospiraceae	
Otu170	Bacteria	Firmicutes	Clostridia	Lachnospirales	Lachnospiraceae	Blautia
Otu1701	Bacteria	Firmicutes	Clostridia	Lachnospirales	Lachnospiraceae	Blautia
Otu1705	Unclassified					
Otu171	Bacteria	Firmicutes	Clostridia	Lachnospirales	Lachnospiraceae	
Otu1718	Bacteria	Firmicutes	Clostridia			
Otu172	Bacteria	Bacteroidota	Bacteroidia	Bacteroidales	Marinifilaceae	Butyricimonas
Otu1722	Bacteria	Firmicutes	Clostridia	Oscillospirales	Ruminococcaceae	
Otu1724	Bacteria	Firmicutes	Clostridia	Lachnospirales	Lachnospiraceae	Dorea
Otu1725	Bacteria	Firmicutes	Clostridia	Oscillospirales	Ruminococcaceae	Faecalibacterium
Otu1726	Unclassified					
Otu1729	Unclassified					
Otu173	Bacteria	Firmicutes	Bacilli	Lactobacillales		
Otu1734	Unclassified					
Otu1735	Unclassified					
Otu1739	Bacteria	Actinobacteriota	Actinobacteria	Bifidobacteriales	Bifidobacteriaceae	Bifidobacterium
Otu174	Bacteria	Firmicutes	Bacilli	Lactobacillales	Lactobacillaceae	Ligilactobacillus
Otu1746	Unclassified					
Otu1749	Bacteria	Firmicutes	Clostridia			
Otu175	Bacteria	Actinobacteriota	Actinobacteria	Actinomycetales	Actinomycetaceae	Actinomyces
Otu176	Bacteria	Firmicutes	Clostridia	Oscillospirales	Ruminococcaceae	Anaerotruncus
Otu1760	Unclassified					
Otu1769	Bacteria	Firmicutes	Clostridia	Lachnospirales	Lachnospiraceae	
Otu177	Bacteria	Firmicutes	Clostridia	Lachnospirales	Lachnospiraceae	uncultured
Otu178	Bacteria	Firmicutes	Clostridia	Lachnospirales	Lachnospiraceae	
Otu179	Bacteria	Firmicutes	Clostridia	Oscillospirales	Ruminococcaceae	Ruminococcus
Otu1797	Unclassified					
Otu18	Bacteria	Bacteroidota	Bacteroidia	Bacteroidales	Bacteroidaceae	Bacteroides
Otu180	Bacteria	Firmicutes	Bacilli	Lactobacillales	Streptococcaceae	Streptococcus
Otu1801	Unclassified					
Otu1808	Unclassified					
Otu181	Bacteria	Firmicutes	Clostridia	Clostridia UCG-014		
Otu1810	Bacteria	Firmicutes	Clostridia	Oscillospirales	Ruminococcaceae	Subdoligranulum
Otu182	Bacteria	Actinobacteriota	Coriobacteriia	Coriobacteriales	Eggerthellaceae	Eggerthella
Otu183	Bacteria	Firmicutes	Clostridia	Peptostreptococcales-Tissierellales	Peptostreptococcaceae	Intestinibacter
Otu1831	Bacteria	Firmicutes	Clostridia			
Otu1838	Bacteria	Firmicutes	Clostridia	Christensenellales	Christensenellaceae	
Otu184	Bacteria	Firmicutes	Clostridia	Oscillospirales	Ruminococcaceae	
Otu1841	Unclassified					
Otu185	Bacteria	Bacteroidota	Bacteroidia	Bacteroidales	Marinifilaceae	Butyricimonas
Otu1855	Bacteria	Firmicutes	Clostridia	Lachnospirales	Lachnospiraceae	uncultured
Otu186	Bacteria	Firmicutes	Clostridia	Lachnospirales	Lachnospiraceae	
Otu1860	Bacteria	Firmicutes	Clostridia	Lachnospirales	Lachnospiraceae	
Otu1861	Bacteria	Firmicutes	Clostridia	Lachnospirales	Lachnospiraceae	Blautia
Otu1863	Unclassified					
Otu1869	Bacteria	Firmicutes	Clostridia	Lachnospirales	Lachnospiraceae	
Otu187	Bacteria	Firmicutes	Clostridia	Clostridia UCG-014		
Otu188	Bacteria	Firmicutes	Clostridia	Lachnospirales	Lachnospiraceae	Lachnoclostridium
Otu1885	Bacteria	Firmicutes	Clostridia	Oscillospirales	Oscillospiraceae	
Otu1888	Unclassified					
Otu19	Bacteria	Proteobacteria	Gammaproteobacteria	Enterobacterales	Enterobacteriaceae	
Otu1901	Unclassified					
Otu1902	Bacteria	Firmicutes	Clostridia	Lachnospirales	Lachnospiraceae	
Otu1904	Bacteria	Firmicutes	Clostridia	Lachnospirales	Lachnospiraceae	
Otu191	Bacteria	Bacteroidota	Bacteroidia	Bacteroidales	Muribaculaceae	
Otu1921	Unclassified					
Otu1927	Unclassified					
Otu193	Bacteria	Firmicutes	Clostridia	Monoglobales	Monoglobaceae	Monoglobus
Otu1931	Unclassified					
Otu194	Bacteria	Firmicutes	Clostridia	Oscillospirales	Ruminococcaceae	Negativibacillus
Otu195	Bacteria	Firmicutes	Clostridia	Oscillospirales	Ruminococcaceae	Incertae Sedis
Otu1950	Unclassified					
Otu196	Bacteria	Bacteroidota	Bacteroidia	Bacteroidales	Marinifilaceae	Butyricimonas
Otu1960	Bacteria	Firmicutes	Clostridia	Lachnospirales	Lachnospiraceae	Agathobacter
Otu1974	Unclassified					
Otu1979	Bacteria	Firmicutes	Bacilli	Erysipelotrichales	Erysipelatoclostridiaceae	
Otu198	Bacteria	Desulfobacterota	Desulfovibrionia	Desulfovibrionales	Desulfovibrionaceae	uncultured
Otu199	Bacteria	Firmicutes	Clostridia	Oscillospirales	Oscillospiraceae	
Otu1995	Unclassified					
Otu1997	Bacteria	Firmicutes	Clostridia	Lachnospirales	Lachnospiraceae	
Otu2	Bacteria	Firmicutes	Clostridia	Oscillospirales	Ruminococcaceae	Faecalibacterium
Otu20	Bacteria	Firmicutes	Bacilli	Erysipelotrichales	Erysipelatoclostridiaceae	Erysipelotrichaceae UCG-003
Otu2005	Unclassified					
Otu201	Bacteria	Firmicutes	Bacilli	Lactobacillales	Lactobacillaceae	Ligilactobacillus
Otu203	Bacteria	Firmicutes	Clostridia	Lachnospirales	Lachnospiraceae	
Otu2039	Bacteria	Firmicutes	Clostridia	Lachnospirales	Lachnospiraceae	
Otu2040	Bacteria	Firmicutes	Clostridia	Oscillospirales	Ruminococcaceae	Faecalibacterium
Otu2043	Unclassified					
Otu2046	Unclassified					
Otu2049	Bacteria	Firmicutes	Clostridia	Lachnospirales	Lachnospiraceae	
Otu205	Bacteria	Firmicutes	Clostridia	Peptostreptococcales-Tissierellales	Anaerovoracaceae	
Otu2059	Unclassified					
Otu206	Bacteria	Firmicutes	Clostridia	Oscillospirales	Oscillospiraceae	uncultured
Otu2060	Bacteria	Bacteroidota	Bacteroidia	Bacteroidales	Bacteroidaceae	Bacteroides
Otu2068	Unclassified					
Otu2086	Bacteria	Firmicutes	Clostridia	Oscillospirales	Ruminococcaceae	Ruminococcus
Otu209	Bacteria	Bacteroidota	Bacteroidia	Bacteroidales	Bacteroidaceae	Bacteroides
Otu21	Bacteria	Actinobacteriota	Coriobacteriia	Coriobacteriales	Coriobacteriaceae	Collinsella
Otu2111	Bacteria	Firmicutes	Clostridia	Lachnospirales	Lachnospiraceae	
Otu2112	Bacteria	Firmicutes	Clostridia	Lachnospirales	Lachnospiraceae	
Otu2113	Unclassified					
Otu2114	Bacteria	Firmicutes	Clostridia			
Otu212	Bacteria	Firmicutes	Clostridia	Peptostreptococcales-Tissierellales	Anaerovoracaceae	
Otu214	Bacteria	Bacteroidota	Bacteroidia	Bacteroidales	Muribaculaceae	
Otu215	Bacteria	Firmicutes	Clostridia	Christensenellales	Christensenellaceae	Christensenellaceae R-7 group
Otu2155	Unclassified					
Otu216	Bacteria	Firmicutes	Clostridia	Lachnospirales	Lachnospiraceae	
Otu2163	Unclassified					
Otu2167	Bacteria	Firmicutes	Clostridia	Oscillospirales	[Eubacterium] coprostanoligenes group	
Otu217	Bacteria	Firmicutes	Bacilli	Erysipelotrichales	Erysipelatoclostridiaceae	
Otu2173	Bacteria	Firmicutes	Clostridia			
Otu218	Bacteria	Bacteroidota	Bacteroidia	Bacteroidales	Marinifilaceae	Odoribacter
Otu2182	Unclassified					
Otu219	Bacteria	Firmicutes	Clostridia	Oscillospirales	Ruminococcaceae	
Otu22	Bacteria	Firmicutes	Clostridia	Oscillospirales	[Eubacterium] coprostanoligenes group	
Otu220	Bacteria	Firmicutes	Bacilli	Erysipelotrichales	Erysipelotrichaceae	Faecalitalea
Otu221	Bacteria	Firmicutes	Clostridia	Lachnospirales	Lachnospiraceae	
Otu2210	Unclassified					
Otu2215	Bacteria	Firmicutes	Clostridia	Oscillospirales		
Otu2227	Unclassified					
Otu223	Bacteria	Firmicutes	Bacilli	Lactobacillales	Lactobacillaceae	Pediococcus
Otu2232	Bacteria	Firmicutes	Clostridia	Lachnospirales	Lachnospiraceae	
Otu2233	Unclassified					
Otu224	Bacteria	Cyanobacteria	Cyanobacteriia	Chloroplast		
Otu2245	Unclassified					
Otu225	Bacteria	Firmicutes	Clostridia	Lachnospirales	Lachnospiraceae	
Otu2259	Unclassified					
Otu226	Bacteria	Firmicutes	Bacilli	Erysipelotrichales	Erysipelotrichaceae	Turicibacter
Otu2260	Unclassified					
Otu2263	Bacteria	Firmicutes	Clostridia	Oscillospirales	[Eubacterium] coprostanoligenes group	
Otu227	Bacteria	Firmicutes	Clostridia	Lachnospirales	Lachnospiraceae	Lachnoclostridium
Otu2294	Bacteria	Firmicutes	Clostridia	Lachnospirales	Lachnospiraceae	Lachnospiraceae UCG-004
Otu23	Bacteria	Firmicutes	Clostridia	Lachnospirales	Lachnospiraceae	
Otu230	Bacteria	Firmicutes	Clostridia	Lachnospirales	Lachnospiraceae	
Otu231	Bacteria	Firmicutes	Bacilli	Erysipelotrichales	Erysipelatoclostridiaceae	
Otu2312	Bacteria	Firmicutes	Clostridia	Lachnospirales	Lachnospiraceae	
Otu232	Bacteria	Firmicutes	Clostridia			
Otu233	Bacteria	Firmicutes	Negativicutes	Veillonellales-Selenomonadales		
Otu234	Bacteria	Firmicutes	Clostridia	Lachnospirales	Lachnospiraceae	
Otu2344	Bacteria	Firmicutes	Clostridia	Lachnospirales	Lachnospiraceae	
Otu2350	Unclassified					
Otu2353	Bacteria	Firmicutes	Clostridia	Lachnospirales	Lachnospiraceae	
Otu236	Bacteria	Firmicutes	Clostridia	Oscillospirales	Ruminococcaceae	uncultured
Otu2374	Unclassified					
Otu238	Bacteria	Firmicutes	Clostridia	Oscillospirales	Ruminococcaceae	Incertae Sedis
Otu239	Bacteria	Firmicutes	Clostridia	Lachnospirales	Lachnospiraceae	
Otu2394	Bacteria	Firmicutes	Clostridia			
Otu24	Bacteria	Firmicutes	Clostridia	Lachnospirales	Lachnospiraceae	Anaerostipes
Otu241	Bacteria	Firmicutes	Clostridia	Clostridiales	Clostridiaceae	Clostridium sensu stricto 1
Otu242	Bacteria	Firmicutes	Clostridia			
Otu243	Bacteria	Firmicutes	Clostridia	Clostridia UCG-014		
Otu2437	Unclassified					
Otu244	Bacteria	Firmicutes	Clostridia	Clostridia UCG-014		
Otu245	Bacteria	Actinobacteriota	Coriobacteriia	Coriobacteriales	Eggerthellaceae	uncultured
Otu247	Bacteria	Firmicutes	Bacilli	Lactobacillales	Lactobacillaceae	Lactobacillus
Otu249	Bacteria	Firmicutes	Bacilli	Lactobacillales	Streptococcaceae	Streptococcus
Otu2498	Bacteria	Actinobacteriota	Coriobacteriia	Coriobacteriales	Coriobacteriaceae	Collinsella
Otu25	Bacteria	Bacteroidota	Bacteroidia	Bacteroidales	Bacteroidaceae	Bacteroides
Otu250	Bacteria	Firmicutes	Clostridia	Oscillospirales	Ruminococcaceae	UBA1819
Otu2501	Bacteria	Firmicutes	Clostridia			
Otu2502	Bacteria	Firmicutes	Clostridia	Oscillospirales		
Otu251	Bacteria	Firmicutes	Clostridia	Oscillospirales	[Eubacterium] coprostanoligenes group	
Otu252	Bacteria	Firmicutes	Clostridia	Oscillospirales	Ruminococcaceae	uncultured
Otu2525	Bacteria	Firmicutes	Clostridia	Lachnospirales	Lachnospiraceae	
Otu253	Bacteria	Firmicutes	Clostridia			
Otu254	Bacteria	Firmicutes	Bacilli	Erysipelotrichales	Erysipelotrichaceae	
Otu255	Bacteria	Firmicutes	Clostridia	Lachnospirales	Lachnospiraceae	uncultured
Otu256	Bacteria	Firmicutes	Clostridia	Oscillospirales	Oscillospiraceae	
Otu2573	Bacteria	Firmicutes	Clostridia			
Otu258	Bacteria	Firmicutes				
Otu259	Bacteria	Firmicutes	Clostridia	Peptostreptococcales-Tissierellales	Anaerovoracaceae	Mogibacterium
Otu2598	Unclassified					
Otu26	Bacteria	Firmicutes	Clostridia	Oscillospirales	Ruminococcaceae	Faecalibacterium
Otu260	Bacteria	Firmicutes	Clostridia	Oscillospirales	[Eubacterium] coprostanoligenes group	
Otu2606	Bacteria	Firmicutes	Clostridia	Lachnospirales	Lachnospiraceae	Agathobacter
Otu261	Bacteria	Firmicutes	Clostridia	Oscillospirales	Ruminococcaceae	
Otu262	Bacteria	Firmicutes	Clostridia	Oscillospirales	UCG-010	
Otu2623	Bacteria	Firmicutes	Clostridia	Lachnospirales	Lachnospiraceae	
Otu2628	Bacteria	Bacteroidota	Bacteroidia	Cytophagales	Microscillaceae	
Otu263	Bacteria	Proteobacteria	Gammaproteobacteria	Burkholderiales	Sutterellaceae	Sutterella
Otu264	Unclassified					
Otu265	Bacteria	Firmicutes	Clostridia	Oscillospirales	UCG-010	
Otu2655	Unclassified					
Otu2656	Unclassified					
Otu2657	Bacteria	Firmicutes	Clostridia	Oscillospirales	Ruminococcaceae	Ruminococcus
Otu2660	Bacteria	Firmicutes	Clostridia	Lachnospirales	Lachnospiraceae	
Otu2661	Unclassified					
Otu2668	Bacteria	Firmicutes	Clostridia			
Otu2670	Bacteria	Bacteroidota	Bacteroidia	Bacteroidales	Bacteroidaceae	Bacteroides
Otu2674	Bacteria	Firmicutes	Clostridia	Lachnospirales	Lachnospiraceae	
Otu268	Bacteria	Firmicutes	Clostridia	Oscillospirales	Oscillospiraceae	UCG-005
Otu269	Bacteria	Firmicutes	Clostridia	Lachnospirales	Lachnospiraceae	
Otu27	Bacteria	Bacteroidota	Bacteroidia	Bacteroidales	Rikenellaceae	Alistipes
Otu270	Bacteria	Firmicutes	Clostridia	Oscillospirales	Oscillospiraceae	
Otu2708	Unclassified					
Otu271	Bacteria	Firmicutes	Clostridia	Clostridia vadinBB60 group		
Otu272	Bacteria	Firmicutes	Clostridia	Lachnospirales	Lachnospiraceae	
Otu273	Bacteria	Firmicutes	Clostridia	Lachnospirales	Lachnospiraceae	
Otu274	Bacteria	Firmicutes	Bacilli	Lactobacillales	Streptococcaceae	Lactococcus
Otu2743	Bacteria	Firmicutes	Clostridia	Lachnospirales	Lachnospiraceae	Blautia
Otu2763	Bacteria	Firmicutes	Clostridia	Lachnospirales	Lachnospiraceae	
Otu277	Bacteria	Firmicutes	Clostridia			
Otu278	Bacteria	Firmicutes	Bacilli	RF39		
Otu2783	Bacteria	Firmicutes	Clostridia	Lachnospirales	Lachnospiraceae	
Otu279	Bacteria	Firmicutes	Clostridia	Peptostreptococcales-Tissierellales	Anaerovoracaceae	Family XIII AD3011 group
Otu28	Bacteria	Firmicutes	Clostridia	Oscillospirales	Ruminococcaceae	Subdoligranulum
Otu280	Bacteria	Firmicutes	Clostridia	Oscillospirales	[Eubacterium] coprostanoligenes group	
Otu2802	Bacteria	Firmicutes	Clostridia	Lachnospirales	Lachnospiraceae	
Otu2806	Unclassified					
Otu281	Bacteria	Firmicutes	Clostridia	Oscillospirales	Ruminococcaceae	Candidatus Soleaferrea
Otu2819	Unclassified					
Otu2829	Bacteria	Firmicutes	Clostridia	Lachnospirales	Lachnospiraceae	
Otu285	Bacteria	Firmicutes	Clostridia			
Otu2857	Bacteria					
Otu286	Bacteria	Firmicutes	Clostridia	Oscillospirales	Oscillospiraceae	Oscillibacter
Otu2861	Bacteria	Firmicutes	Clostridia	Lachnospirales	Lachnospiraceae	Roseburia
Otu288	Bacteria	Firmicutes	Clostridia	Christensenellales	Christensenellaceae	Christensenellaceae R-7 group
Otu29	Bacteria	Firmicutes	Clostridia	Lachnospirales	Lachnospiraceae	[Eubacterium] eligens group
Otu290	Unclassified					
Otu2901	Bacteria	Firmicutes	Bacilli	Bacillales	Bacillaceae	
Otu2917	Bacteria	Firmicutes	Clostridia	Lachnospirales	Lachnospiraceae	
Otu292	Bacteria	Firmicutes	Clostridia	Oscillospirales	Ruminococcaceae	
Otu293	Bacteria	Firmicutes	Clostridia	Lachnospirales	Lachnospiraceae	
Otu2938	Bacteria	Firmicutes	Clostridia	Oscillospirales		
Otu294	Bacteria	Firmicutes	Clostridia	Lachnospirales	Lachnospiraceae	uncultured
Otu296	Bacteria	Actinobacteriota	Coriobacteriia	Coriobacteriales	Coriobacteriaceae	Collinsella
Otu2965	Bacteria	Firmicutes	Clostridia			
Otu2981	Bacteria	Firmicutes	Clostridia	Lachnospirales	Lachnospiraceae	
Otu2985	Bacteria	Firmicutes	Clostridia			
Otu2997	Bacteria	Firmicutes	Clostridia	Lachnospirales	Lachnospiraceae	
Otu3	Bacteria	Bacteroidota	Bacteroidia	Bacteroidales	Bacteroidaceae	Bacteroides
Otu30	Bacteria	Firmicutes	Clostridia	Lachnospirales	Lachnospiraceae	Blautia
Otu300	Bacteria	Firmicutes	Clostridia	Clostridiales	Clostridiaceae	Clostridium sensu stricto 1
Otu3000	Bacteria	Firmicutes	Clostridia	Oscillospirales	Ruminococcaceae	
Otu3004	Bacteria	Firmicutes	Clostridia	Lachnospirales	Lachnospiraceae	
Otu3009	Bacteria	Actinobacteriota	Actinobacteria	Bifidobacteriales	Bifidobacteriaceae	Bifidobacterium
Otu301	Bacteria	Firmicutes	Clostridia	Oscillospirales	Oscillospiraceae	
Otu3024	Bacteria	Firmicutes	Clostridia	Oscillospirales	Ruminococcaceae	
Otu3034	Bacteria	Firmicutes	Clostridia	Lachnospirales	Lachnospiraceae	
Otu304	Bacteria	Actinobacteriota	Coriobacteriia	Coriobacteriales	Eggerthellaceae	
Otu3045	Bacteria	Bacteroidota	Bacteroidia	Bacteroidales	Bacteroidaceae	Bacteroides
Otu305	Bacteria	Firmicutes	Clostridia	Peptostreptococcales-Tissierellales	Anaerovoracaceae	
Otu3059	Bacteria	Firmicutes	Clostridia	Lachnospirales	Lachnospiraceae	
Otu3066	Bacteria	Firmicutes	Clostridia	Lachnospirales	Lachnospiraceae	
Otu3069	Bacteria	Firmicutes	Clostridia	Oscillospirales	Ruminococcaceae	
Otu3082	Bacteria	Firmicutes	Clostridia	Lachnospirales	Lachnospiraceae	
Otu3089	Bacteria	Bacteroidota	Bacteroidia	Bacteroidales	Bacteroidaceae	Bacteroides
Otu309	Bacteria	Firmicutes	Clostridia	Christensenellales	Christensenellaceae	Christensenellaceae R-7 group
Otu3094	Bacteria	Firmicutes	Clostridia	Lachnospirales	Lachnospiraceae	
Otu3097	Bacteria	Bacteroidota	Bacteroidia	Bacteroidales	Bacteroidaceae	Bacteroides
Otu31	Archaea	Euryarchaeota	Methanobacteria	Methanobacteriales	Methanobacteriaceae	Methanobrevibacter
Otu310	Bacteria	Firmicutes	Clostridia	Lachnospirales	Lachnospiraceae	
Otu311	Bacteria	Firmicutes	Clostridia	Oscillospirales	Ruminococcaceae	
Otu3111	Unclassified					
Otu3112	Unclassified					
Otu3115	Unclassified					
Otu3116	Unclassified					
Otu3117	Bacteria	Firmicutes	Clostridia	Oscillospirales	Ruminococcaceae	Faecalibacterium
Otu312	Bacteria	Firmicutes	Clostridia	Peptostreptococcales-Tissierellales	Anaerovoracaceae	
Otu3123	Bacteria	Firmicutes	Clostridia	Lachnospirales	Lachnospiraceae	FD2005
Otu313	Bacteria	Verrucomicrobiota	Lentisphaeria	Victivallales	Victivallaceae	Victivallis
Otu3130	Bacteria	Firmicutes	Clostridia	Lachnospirales	Lachnospiraceae	
Otu3136	Bacteria	Firmicutes	Clostridia	Lachnospirales	Lachnospiraceae	
Otu314	Bacteria	Firmicutes	Clostridia	Oscillospirales	Ruminococcaceae	
Otu3144	Bacteria	Firmicutes	Clostridia	Lachnospirales	Lachnospiraceae	
Otu3145	Unclassified					
Otu3149	Bacteria	Firmicutes	Clostridia	Lachnospirales	Lachnospiraceae	
Otu315	Bacteria	Firmicutes	Bacilli	Erysipelotrichales	Erysipelotrichaceae	
Otu3158	Bacteria	Firmicutes	Clostridia	Lachnospirales	Lachnospiraceae	
Otu316	Bacteria	Bacteroidota	Bacteroidia	Bacteroidales	Rikenellaceae	Alistipes
Otu3163	Bacteria	Bacteroidota	Bacteroidia	Bacteroidales	Bacteroidaceae	Bacteroides
Otu317	Bacteria	Bacteroidota	Bacteroidia	Bacteroidales		
Otu3187	Bacteria	Firmicutes	Clostridia	Lachnospirales	Lachnospiraceae	
Otu319	Bacteria	Firmicutes	Bacilli	Lactobacillales	Lactobacillaceae	Leuconostoc
Otu3191	Bacteria	Firmicutes	Clostridia	Lachnospirales	Lachnospiraceae	
Otu32	Bacteria	Bacteroidota	Bacteroidia	Bacteroidales	Tannerellaceae	Parabacteroides
Otu320	Bacteria	Firmicutes	Clostridia			
Otu3214	Bacteria	Firmicutes	Clostridia	Lachnospirales	Lachnospiraceae	
Otu322	Bacteria	Firmicutes	Negativicutes	Acidaminococcales	Acidaminococcaceae	
Otu3229	Bacteria	Firmicutes	Clostridia	Lachnospirales	Lachnospiraceae	
Otu323	Bacteria	Firmicutes	Clostridia			
Otu3231	Bacteria	Firmicutes	Clostridia	Lachnospirales	Lachnospiraceae	
Otu3238	Bacteria	Firmicutes	Clostridia	Lachnospirales	Lachnospiraceae	
Otu324	Bacteria	Firmicutes	Clostridia	Oscillospirales	Oscillospiraceae	
Otu326	Bacteria	Firmicutes	Clostridia	Oscillospirales		
Otu3264	Bacteria	Firmicutes	Clostridia			
Otu327	Bacteria	Firmicutes	Clostridia	Christensenellales	Christensenellaceae	Christensenellaceae R-7 group
Otu3273	Bacteria	Firmicutes	Clostridia	Oscillospirales	Ruminococcaceae	
Otu328	Bacteria	Firmicutes	Clostridia	Peptostreptococcales-Tissierellales	Anaerovoracaceae	
Otu3286	Bacteria	Firmicutes	Clostridia			
Otu329	Bacteria	Cyanobacteria	Cyanobacteriia	Chloroplast		
Otu33	Bacteria	Bacteroidota	Bacteroidia	Bacteroidales	Rikenellaceae	Alistipes
Otu330	Bacteria	Firmicutes	Bacilli	Erysipelotrichales	Erysipelotrichaceae	Holdemanella
Otu3306	Bacteria	Firmicutes	Clostridia	Lachnospirales	Lachnospiraceae	
Otu331	Bacteria	Firmicutes	Clostridia	Oscillospirales	Ruminococcaceae	uncultured
Otu3314	Bacteria	Firmicutes	Clostridia	Oscillospirales	Ruminococcaceae	Incertae Sedis
Otu3330	Unclassified					
Otu338	Bacteria	Firmicutes	uncultured			
Otu3380	Bacteria	Bacteroidota	Bacteroidia	Bacteroidales	Bacteroidaceae	Bacteroides
Otu339	Bacteria	Firmicutes	Clostridia	Christensenellales	Christensenellaceae	
Otu3390	Bacteria	Firmicutes	Clostridia			
Otu3394	Unclassified					
Otu34	Bacteria	Firmicutes	Clostridia	Oscillospirales	Ruminococcaceae	Subdoligranulum
Otu3404	Bacteria	Firmicutes	Clostridia			
Otu342	Bacteria	Proteobacteria	Alphaproteobacteria	Rhodospirillales	uncultured	
Otu3424	Bacteria	Actinobacteriota	Actinobacteria	Bifidobacteriales	Bifidobacteriaceae	Bifidobacterium
Otu3425	Unclassified					
Otu344	Bacteria	Firmicutes	Clostridia	Oscillospirales	Oscillospiraceae	uncultured
Otu346	Bacteria	Firmicutes	Clostridia	Christensenellales	Christensenellaceae	uncultured
Otu347	Bacteria	Firmicutes	Clostridia	Oscillospirales	Oscillospiraceae	
Otu3477	Bacteria	Firmicutes	Clostridia			
Otu348	Bacteria	Firmicutes	Bacilli	Erysipelotrichales	Erysipelotrichaceae	
Otu3485	Bacteria	Firmicutes	Clostridia	Lachnospirales	Lachnospiraceae	
Otu349	Bacteria	Firmicutes	Clostridia	Christensenellales	Christensenellaceae	Christensenellaceae R-7 group
Otu3494	Bacteria	Firmicutes	Clostridia	Oscillospirales		
Otu35	Bacteria	Firmicutes	Clostridia	Lachnospirales	Lachnospiraceae	
Otu350	Bacteria	Firmicutes	Clostridia	Peptostreptococcales-Tissierellales	Anaerovoracaceae	[Eubacterium] nodatum group
Otu351	Unclassified					
Otu3514	Bacteria	Firmicutes	Clostridia			
Otu3517	Bacteria	Firmicutes	Clostridia	Oscillospirales	Ruminococcaceae	Ruminococcus
Otu352	Bacteria	Firmicutes	Clostridia	Oscillospirales	Butyricicoccaceae	Butyricicoccus
Otu3525	Bacteria	Firmicutes	Clostridia			
Otu353	Bacteria	Firmicutes	Clostridia	Oscillospirales	Ruminococcaceae	
Otu3537	Bacteria	Firmicutes	Negativicutes	Veillonellales-Selenomonadales	Veillonellaceae	Megasphaera
Otu3538	Bacteria	Firmicutes	Clostridia	Lachnospirales	Lachnospiraceae	
Otu354	Bacteria	Actinobacteriota	Coriobacteriia	Coriobacteriales	Eggerthellaceae	Slackia
Otu3540	Bacteria	Firmicutes	Clostridia	Lachnospirales	Lachnospiraceae	
Otu3547	Bacteria	Firmicutes	Clostridia	Lachnospirales	Lachnospiraceae	
Otu3559	Bacteria	Firmicutes	Clostridia	Lachnospirales	Lachnospiraceae	Lachnospiraceae NK4A136 group
Otu357	Bacteria	Firmicutes	Clostridia	Oscillospirales	Oscillospiraceae	NK4A214 group
Otu358	Bacteria	Firmicutes	Clostridia	Clostridia UCG-014		
Otu3588	Unclassified					
Otu3595	Bacteria	Firmicutes	Clostridia	Lachnospirales	Lachnospiraceae	
Otu36	Bacteria	Bacteroidota	Bacteroidia	Bacteroidales	Bacteroidaceae	Bacteroides
Otu362	Bacteria	Firmicutes	Clostridia	Peptostreptococcales-Tissierellales	Anaerovoracaceae	Family XIII AD3011 group
Otu3622	Bacteria	Firmicutes	Clostridia			
Otu363	Bacteria	Firmicutes	Clostridia			
Otu3639	Bacteria	Firmicutes	Clostridia	Oscillospirales	Ruminococcaceae	
Otu364	Bacteria	Firmicutes	Clostridia	Peptostreptococcales-Tissierellales	Anaerovoracaceae	Family XIII AD3011 group
Otu365	Bacteria	Firmicutes	Bacilli	RF39		
Otu3650	Bacteria	Firmicutes	Clostridia	Lachnospirales	Lachnospiraceae	
Otu366	Bacteria	Firmicutes	Clostridia	Lachnospirales		
Otu3671	Bacteria	Firmicutes	Clostridia	Lachnospirales	Lachnospiraceae	
Otu3683	Bacteria	Firmicutes	Clostridia	Oscillospirales	Ruminococcaceae	Ruminococcus
Otu3688	Bacteria	Firmicutes	Clostridia	Lachnospirales	Lachnospiraceae	
Otu369	Bacteria	Firmicutes	Clostridia	Lachnospirales	Lachnospiraceae	
Otu37	Bacteria	Bacteroidota	Bacteroidia	Bacteroidales	Bacteroidaceae	Bacteroides
Otu3703	Bacteria	Firmicutes	Clostridia	Peptostreptococcales-Tissierellales	Peptostreptococcaceae	Terrisporobacter
Otu3704	Unclassified					
Otu371	Bacteria	Firmicutes	Clostridia			
Otu3714	Bacteria	Firmicutes	Clostridia	Lachnospirales	Lachnospiraceae	Blautia
Otu372	Bacteria	Firmicutes	Clostridia			
Otu373	Bacteria	Firmicutes	Clostridia			
Otu3738	Bacteria	Firmicutes	Clostridia	Oscillospirales	Ruminococcaceae	Incertae Sedis
Otu374	Bacteria	Bacteroidota	Bacteroidia	Bacteroidales	Prevotellaceae	
Otu375	Bacteria	Firmicutes	Clostridia	Lachnospirales	Lachnospiraceae	
Otu3751	Bacteria	Firmicutes	Clostridia	Lachnospirales	Lachnospiraceae	
Otu3754	Bacteria	Firmicutes	Clostridia	Oscillospirales		
Otu376	Bacteria	Firmicutes	Bacilli	RF39		
Otu3760	Bacteria	Firmicutes	Clostridia	Lachnospirales	Lachnospiraceae	
Otu3764	Bacteria	Firmicutes	Clostridia			
Otu3767	Bacteria	Firmicutes	Clostridia	Lachnospirales	Lachnospiraceae	
Otu378	Bacteria	Firmicutes	Clostridia	Lachnospirales	Lachnospiraceae	
Otu379	Bacteria	Firmicutes	Bacilli	Lactobacillales	Lactobacillaceae	
Otu3793	Bacteria	Firmicutes	Clostridia	Lachnospirales	Lachnospiraceae	
Otu3794	Bacteria	Firmicutes	Clostridia	Lachnospirales	Lachnospiraceae	
Otu38	Bacteria	Bacteroidota	Bacteroidia	Bacteroidales	Bacteroidaceae	Bacteroides
Otu380	Bacteria	Firmicutes	Clostridia			
Otu381	Bacteria	Firmicutes	Clostridia	Clostridia UCG-014		
Otu382	Bacteria	Proteobacteria	Gammaproteobacteria	Burkholderiales	Sutterellaceae	Sutterella
Otu383	Bacteria	Actinobacteriota	Actinobacteria			
Otu384	Bacteria	Firmicutes	Clostridia	Lachnospirales	Lachnospiraceae	
Otu385	Unclassified					
Otu386	Bacteria	Firmicutes	Clostridia			
Otu3865	Bacteria	Firmicutes	Clostridia	Lachnospirales	Lachnospiraceae	
Otu3873	Bacteria	Firmicutes	Clostridia			
Otu3878	Bacteria	Bacteroidota	Bacteroidia	Bacteroidales	Bacteroidaceae	Bacteroides
Otu388	Bacteria	Firmicutes	Clostridia	Lachnospirales	Lachnospiraceae	Lachnospiraceae NK4A136 group
Otu39	Bacteria	Synergistota	Synergistia	Synergistales	Synergistaceae	Cloacibacillus
Otu390	Bacteria	Firmicutes	Clostridia	Oscillospirales		
Otu3907	Bacteria	Firmicutes	Clostridia	Lachnospirales	Lachnospiraceae	Blautia
Otu391	Bacteria	Firmicutes	Clostridia	Christensenellales	Christensenellaceae	uncultured
Otu3910	Bacteria	Bacteroidota	Bacteroidia	Bacteroidales	Bacteroidaceae	Bacteroides
Otu392	Bacteria	Bacteroidota	Bacteroidia	Bacteroidales	Rikenellaceae	Alistipes
Otu393	Bacteria	Firmicutes	Clostridia	Lachnospirales	Lachnospiraceae	
Otu394	Bacteria	Firmicutes	Bacilli	Erysipelotrichales	Erysipelotrichaceae	
Otu395	Bacteria	Proteobacteria	Gammaproteobacteria	Enterobacterales	Morganellaceae	Proteus
Otu396	Bacteria	Firmicutes	Clostridia	Oscillospirales	Ruminococcaceae	
Otu397	Unclassified					
Otu4	Bacteria	Firmicutes	Clostridia	Oscillospirales	Ruminococcaceae	Ruminococcus
Otu40	Bacteria	Bacteroidota	Bacteroidia	Bacteroidales	Tannerellaceae	Parabacteroides
Otu400	Bacteria	Actinobacteriota	Coriobacteriia	Coriobacteriales	Eggerthellaceae	
Otu402	Bacteria	Firmicutes	Clostridia	Lachnospirales	Lachnospiraceae	
Otu403	Bacteria	Firmicutes	Clostridia	Clostridia vadinBB60 group		
Otu406	Bacteria	Firmicutes	Clostridia	Oscillospirales	Oscillospiraceae	UCG-005
Otu408	Unclassified					
Otu41	Bacteria	Firmicutes	Clostridia	Oscillospirales	Ruminococcaceae	
Otu412	Bacteria	Firmicutes	Clostridia	Oscillospirales		
Otu413	Bacteria	Actinobacteriota	Coriobacteriia	Coriobacteriales	Coriobacteriales Incertae Sedis	Raoultibacter
Otu414	Bacteria	Firmicutes	Clostridia	Oscillospirales		
Otu415	Bacteria	Firmicutes	Clostridia	Lachnospirales	Lachnospiraceae	Lachnospiraceae NK4A136 group
Otu416	Bacteria	Firmicutes	Clostridia	Oscillospirales	Ruminococcaceae	
Otu417	Bacteria	Firmicutes	Clostridia	Oscillospirales	Ruminococcaceae	Negativibacillus
Otu418	Bacteria	Firmicutes	Clostridia	Clostridia UCG-014		
Otu419	Bacteria	Actinobacteriota	Coriobacteriia	Coriobacteriales	Eggerthellaceae	Enterorhabdus
Otu42	Bacteria	Firmicutes	Clostridia	Lachnospirales	Lachnospiraceae	
Otu423	Bacteria	Firmicutes	Clostridia			
Otu424	Bacteria	Firmicutes	Clostridia	Oscillospirales	Ruminococcaceae	
Otu425	Bacteria	Firmicutes	Clostridia	Lachnospirales	Lachnospiraceae	uncultured
Otu426	Bacteria	Firmicutes	Clostridia	Peptostreptococcales-Tissierellales	Anaerovoracaceae	[Eubacterium] brachy group
Otu43	Bacteria	Firmicutes	Bacilli	Lactobacillales	Streptococcaceae	Streptococcus
Otu430	Bacteria	Firmicutes	Clostridia			
Otu434	Bacteria	Firmicutes	Clostridia	Peptostreptococcales-Tissierellales	Anaerovoracaceae	
Otu435	Unclassified					
Otu438	Bacteria	Firmicutes	Clostridia			
Otu439	Bacteria	Firmicutes	Clostridia	Lachnospirales	Lachnospiraceae	Anaerostignum
Otu44	Bacteria	Firmicutes	Clostridia	Oscillospirales	Oscillospiraceae	NK4A214 group
Otu440	Bacteria	Firmicutes	Clostridia			
Otu441	Bacteria	Firmicutes	Clostridia	Oscillospirales	Ruminococcaceae	Ruminococcus
Otu442	Bacteria	Firmicutes	Clostridia	Lachnospirales	Lachnospiraceae	
Otu443	Bacteria	Firmicutes	Clostridia	Oscillospirales		
Otu445	Bacteria	Firmicutes	Clostridia	Oscillospirales	[Eubacterium] coprostanoligenes group	
Otu447	Bacteria	Firmicutes	Bacilli	RF39		
Otu449	Bacteria	Firmicutes	Bacilli	Erysipelotrichales	Erysipelotrichaceae	
Otu45	Bacteria	Firmicutes	Clostridia	Lachnospirales	Lachnospiraceae	
Otu450	Bacteria	Firmicutes	Clostridia	Oscillospirales		
Otu452	Unclassified					
Otu453	Unclassified					
Otu456	Bacteria	Firmicutes	Clostridia	Oscillospirales	Ruminococcaceae	
Otu457	Bacteria	Firmicutes	Clostridia	Oscillospirales	UCG-010	
Otu459	Bacteria	Firmicutes	Clostridia	Oscillospirales	Ruminococcaceae	
Otu46	Bacteria	Proteobacteria	Gammaproteobacteria	Burkholderiales	Sutterellaceae	Parasutterella
Otu461	Bacteria	Firmicutes	Clostridia	Oscillospirales	Ruminococcaceae	
Otu463	Bacteria	Firmicutes	Clostridia	Lachnospirales	Lachnospiraceae	
Otu464	Bacteria	Bacteroidota	Bacteroidia	Bacteroidales		
Otu467	Bacteria	Proteobacteria	Gammaproteobacteria	Enterobacterales	Pasteurellaceae	Haemophilus
Otu468	Bacteria	Firmicutes	Clostridia	Oscillospirales		
Otu47	Bacteria	Firmicutes	Clostridia	Lachnospirales	Lachnospiraceae	[Eubacterium] hallii group
Otu470	Unclassified					
Otu471	Bacteria	Firmicutes	Negativicutes	Acidaminococcales	Acidaminococcaceae	Phascolarctobacterium
Otu475	Bacteria	Firmicutes				
Otu476	Bacteria	Firmicutes	Clostridia	Christensenellales	Christensenellaceae	uncultured
Otu48	Bacteria	Firmicutes	Clostridia	Lachnospirales	Lachnospiraceae	
Otu484	Bacteria	Firmicutes	Clostridia	Oscillospirales	UCG-010	
Otu485	Bacteria	Actinobacteriota	Coriobacteriia	Coriobacteriales	Eggerthellaceae	Senegalimassilia
Otu487	Bacteria	Firmicutes	Clostridia	Oscillospirales	Oscillospiraceae	Colidextribacter
Otu489	Bacteria	Firmicutes	Clostridia	Peptostreptococcales-Tissierellales	Anaerovoracaceae	uncultured
Otu49	Bacteria	Firmicutes	Clostridia	Lachnospirales	Lachnospiraceae	Lachnospira
Otu493	Unclassified					
Otu494	Bacteria	Firmicutes	Clostridia	Lachnospirales	Lachnospiraceae	Lachnospiraceae UCG-004
Otu5	Bacteria	Firmicutes	Bacilli			
Otu50	Bacteria	Firmicutes	Clostridia	Oscillospirales	Oscillospiraceae	
Otu500	Unclassified					
Otu501	Bacteria	Firmicutes	Clostridia	Oscillospirales	Ruminococcaceae	
Otu502	Bacteria	Firmicutes	Clostridia	Lachnospirales	Lachnospiraceae	
Otu503	Bacteria	Firmicutes	Clostridia	Lachnospirales	Lachnospiraceae	
Otu506	Unclassified					
Otu507	Bacteria	Firmicutes	Clostridia	Lachnospirales	Defluviitaleaceae	Defluviitaleaceae UCG-011
Otu510	Bacteria	Firmicutes	Bacilli	Erysipelotrichales	Erysipelotrichaceae	
Otu512	Bacteria	Firmicutes	Clostridia	Oscillospirales	Ruminococcaceae	
Otu513	Bacteria	Firmicutes	Clostridia	Peptostreptococcales-Tissierellales	Anaerovoracaceae	
Otu518	Bacteria	Firmicutes	Clostridia	Oscillospirales		
Otu52	Bacteria	Firmicutes	Clostridia	Lachnospirales	Lachnospiraceae	
Otu524	Unclassified					
Otu525	Unclassified					
Otu526	Bacteria	Firmicutes	Clostridia	Oscillospirales	Ruminococcaceae	
Otu527	Unclassified					
Otu528	Bacteria	Firmicutes	Clostridia	Peptostreptococcales-Tissierellales	Anaerovoracaceae	
Otu53	Bacteria	Firmicutes	Clostridia	Lachnospirales	Lachnospiraceae	
Otu530	Bacteria	Bacteroidota	Bacteroidia	Bacteroidales	Muribaculaceae	
Otu532	Bacteria	Firmicutes	Clostridia	Lachnospirales	Lachnospiraceae	
Otu533	Bacteria	Firmicutes	Clostridia	Peptococcales	Peptococcaceae	uncultured
Otu534	Bacteria	Firmicutes	Clostridia	Christensenellales	Christensenellaceae	Christensenellaceae R-7 group
Otu536	Bacteria	Firmicutes	Clostridia	Oscillospirales		
Otu539	Bacteria	Firmicutes	Clostridia	Lachnospirales	Lachnospiraceae	uncultured
Otu54	Bacteria	Firmicutes	Bacilli	Lactobacillales	Lactobacillaceae	Lacticaseibacillus
Otu540	Unclassified					
Otu541	Bacteria	Firmicutes	Clostridia	Oscillospirales		
Otu543	Bacteria	Firmicutes	Clostridia	Peptostreptococcales-Tissierellales	Peptostreptococcaceae	Peptostreptococcus
Otu544	Unclassified					
Otu546	Unclassified					
Otu548	Unclassified					
Otu55	Bacteria	Bacteroidota	Bacteroidia	Bacteroidales	Marinifilaceae	Odoribacter
Otu551	Bacteria	Firmicutes	Clostridia	Oscillospirales		
Otu553	Bacteria	Firmicutes	Clostridia	Oscillospirales	[Eubacterium] coprostanoligenes group	
Otu554	Bacteria	Firmicutes	Clostridia	Oscillospirales		
Otu556	Bacteria	Firmicutes	Clostridia	Oscillospirales	Ruminococcaceae	Ruminococcus
Otu558	Bacteria	Firmicutes	Clostridia	Oscillospirales	Ruminococcaceae	
Otu56	Bacteria	Proteobacteria	Alphaproteobacteria	Rhodospirillales	uncultured	
Otu560	Bacteria	Bacteroidota	Bacteroidia	Bacteroidales		
Otu563	Bacteria	Firmicutes	Clostridia	Oscillospirales	UCG-010	
Otu565	Bacteria	Firmicutes	Clostridia	Lachnospirales	Lachnospiraceae	Lachnospiraceae NC2004 group
Otu567	Bacteria	Firmicutes	Clostridia			
Otu569	Bacteria	Firmicutes	Clostridia	Christensenellales	Christensenellaceae	uncultured
Otu57	Bacteria	Firmicutes	Clostridia	Lachnospirales	Lachnospiraceae	Roseburia
Otu573	Bacteria	Firmicutes	Clostridia	Oscillospirales	UCG-010	
Otu576	Unclassified					
Otu579	Bacteria	Firmicutes	Clostridia			
Otu58	Bacteria	Bacteroidota	Bacteroidia			
Otu583	Bacteria	Firmicutes	Clostridia	Lachnospirales	Lachnospiraceae	
Otu584	Unclassified					
Otu585	Bacteria	Bacteroidota	Bacteroidia	Bacteroidales	Bacteroidaceae	Bacteroides
Otu59	Bacteria	Firmicutes	Clostridia	Oscillospirales	Ruminococcaceae	Ruminococcus
Otu593	Unclassified					
Otu597	Bacteria	Firmicutes	Clostridia	Clostridia UCG-014		
Otu598	Bacteria	Firmicutes	Clostridia	Lachnospirales	Lachnospiraceae	
Otu6	Bacteria	Actinobacteriota	Actinobacteria	Bifidobacteriales	Bifidobacteriaceae	Bifidobacterium
Otu60	Bacteria	Firmicutes	Clostridia	Monoglobales	Monoglobaceae	Monoglobus
Otu603	Bacteria	Firmicutes	Clostridia	Oscillospirales	Ruminococcaceae	
Otu604	Unclassified					
Otu605	Bacteria	Firmicutes	Clostridia	Oscillospirales	Ruminococcaceae	
Otu608	Bacteria	Firmicutes	Clostridia	Oscillospirales	Ruminococcaceae	Anaerofilum
Otu609	Bacteria					
Otu61	Bacteria	Firmicutes	Bacilli	Erysipelotrichales	Erysipelatoclostridiaceae	Erysipelatoclostridium
Otu618	Bacteria	Firmicutes	Clostridia			
Otu619	Unclassified					
Otu62	Bacteria	Bacteroidota	Bacteroidia	Bacteroidales	Bacteroidaceae	Bacteroides
Otu625	Bacteria	Firmicutes	Clostridia	Lachnospirales	Lachnospiraceae	uncultured
Otu626	Unclassified					
Otu63	Bacteria	Firmicutes	Clostridia	Peptostreptococcales-Tissierellales	Peptostreptococcaceae	
Otu634	Unclassified					
Otu636	Unclassified					
Otu637	Unclassified					
Otu638	Bacteria	Actinobacteriota	Coriobacteriia	Coriobacteriales	Atopobiaceae	Atopobium
Otu639	Unclassified					
Otu64	Bacteria	Firmicutes	Clostridia	Christensenellales	Christensenellaceae	Christensenellaceae R-7 group
Otu641	Bacteria	Firmicutes	Clostridia	Oscillospirales	Ruminococcaceae	
Otu643	Bacteria	Firmicutes	Clostridia			
Otu645	Unclassified					
Otu646	Bacteria	Firmicutes	Clostridia	Lachnospirales	Lachnospiraceae	
Otu65	Bacteria	Firmicutes	Clostridia	Clostridia UCG-014		
Otu66	Bacteria	Firmicutes	Clostridia	Lachnospirales	Lachnospiraceae	
Otu660	Unclassified					
Otu662	Bacteria	Firmicutes	Clostridia	Oscillospirales	Ruminococcaceae	Candidatus Soleaferrea
Otu664	Unclassified					
Otu665	Unclassified					
Otu666	Bacteria	Firmicutes	Clostridia			
Otu667	Bacteria	Firmicutes	Clostridia	Christensenellales	Christensenellaceae	uncultured
Otu669	Unclassified					
Otu67	Bacteria	Verrucomicrobiota	Verrucomicrobiae	Verrucomicrobiales	Akkermansiaceae	Akkermansia
Otu671	Unclassified					
Otu672	Bacteria	Firmicutes	Clostridia	Oscillospirales		
Otu675	Bacteria	Firmicutes	Clostridia	Lachnospirales	Lachnospiraceae	Blautia
Otu676	Bacteria	Bacteroidota	Bacteroidia	Bacteroidales	Muribaculaceae	
Otu679	Unclassified					
Otu68	Bacteria	Firmicutes	Clostridia	Oscillospirales	Oscillospiraceae	UCG-002
Otu680	Unclassified					
Otu683	Unclassified					
Otu689	Unclassified					
Otu69	Bacteria	Bacteroidota	Bacteroidia	Bacteroidales	Barnesiellaceae	Barnesiella
Otu690	Bacteria	Firmicutes	Clostridia	Oscillospirales	Ruminococcaceae	
Otu691	Bacteria	Firmicutes	Clostridia	Oscillospirales	Ruminococcaceae	
Otu696	Bacteria	Firmicutes	Clostridia	Lachnospirales	Lachnospiraceae	
Otu7	Bacteria	Firmicutes	Clostridia	Lachnospirales	Lachnospiraceae	
Otu70	Bacteria					
Otu701	Bacteria	Actinobacteriota	Coriobacteriia	Coriobacteriales	Coriobacteriaceae	Collinsella
Otu704	Unclassified					
Otu709	Bacteria	Firmicutes	Clostridia	Oscillospirales	Ruminococcaceae	Ruminococcus
Otu71	Bacteria	Firmicutes	Clostridia	Oscillospirales	Oscillospiraceae	
Otu711	Unclassified					
Otu712	Unclassified					
Otu713	Unclassified					
Otu717	Bacteria	Firmicutes	Clostridia	Oscillospirales	Ruminococcaceae	Ruminococcus
Otu719	Bacteria	Firmicutes	Clostridia	Lachnospirales	Lachnospiraceae	
Otu72	Bacteria	Firmicutes	Clostridia	Lachnospirales	Lachnospiraceae	
Otu722	Unclassified					
Otu727	Bacteria	Proteobacteria	Gammaproteobacteria	Burkholderiales	Sutterellaceae	Parasutterella
Otu729	Bacteria	Firmicutes	Clostridia	Lachnospirales	Lachnospiraceae	
Otu73	Bacteria	Actinobacteriota	Coriobacteriia	Coriobacteriales	Eggerthellaceae	
Otu730	Bacteria	Firmicutes	Clostridia	Oscillospirales	Ruminococcaceae	Ruminococcus
Otu732	Unclassified					
Otu734	Unclassified					
Otu736	Bacteria	Firmicutes	Clostridia	Oscillospirales	Ruminococcaceae	CAG-352
Otu738	Unclassified					
Otu74	Bacteria	Firmicutes	Negativicutes	Veillonellales-Selenomonadales	Veillonellaceae	Dialister
Otu740	Bacteria	Firmicutes	Clostridia	Lachnospirales	Lachnospiraceae	uncultured
Otu741	Bacteria	Firmicutes	Clostridia	Oscillospirales	Oscillospiraceae	
Otu75	Bacteria	Firmicutes	Negativicutes	Veillonellales-Selenomonadales	Veillonellaceae	Veillonella
Otu754	Unclassified					
Otu756	Unclassified					
Otu757	Bacteria	Firmicutes	Clostridia	Lachnospirales	Lachnospiraceae	uncultured
Otu758	Bacteria	Firmicutes	Clostridia			
Otu759	Bacteria	Firmicutes	Clostridia	Peptostreptococcales-Tissierellales	Peptostreptococcaceae	
Otu76	Bacteria	Firmicutes	Bacilli	Lactobacillales	Lactobacillaceae	Limosilactobacillus
Otu762	Unclassified					
Otu764	Unclassified					
Otu768	Unclassified					
Otu769	Bacteria	Firmicutes	Clostridia	Oscillospirales	Ruminococcaceae	
Otu77	Bacteria	Firmicutes	Clostridia	Oscillospirales	[Eubacterium] coprostanoligenes group	
Otu772	Unclassified					
Otu78	Bacteria	Firmicutes	Clostridia	Oscillospirales	[Eubacterium] coprostanoligenes group	
Otu780	Unclassified					
Otu782	Bacteria	Firmicutes	Clostridia			
Otu788	Bacteria	Firmicutes	Clostridia			
Otu79	Bacteria	Bacteroidota	Bacteroidia	Bacteroidales	Bacteroidaceae	Bacteroides
Otu791	Bacteria	Firmicutes	Clostridia	Oscillospirales	Ruminococcaceae	
Otu793	Bacteria	Firmicutes	Clostridia	Lachnospirales	Lachnospiraceae	
Otu8	Bacteria	Firmicutes	Bacilli	Bacillales	Bacillaceae	Bacillus
Otu80	Bacteria	Firmicutes	Clostridia	Oscillospirales	Ruminococcaceae	
Otu805	Bacteria	Firmicutes	Clostridia			
Otu807	Bacteria	Firmicutes	Clostridia	Oscillospirales	Ruminococcaceae	
Otu809	Bacteria	Firmicutes	Clostridia	Lachnospirales	Lachnospiraceae	Lachnospiraceae NK4A136 group
Otu81	Bacteria	Firmicutes	Clostridia	Lachnospirales	Lachnospiraceae	
Otu810	Unclassified					
Otu811	Unclassified					
Otu812	Bacteria	Actinobacteriota	Actinobacteria	Bifidobacteriales	Bifidobacteriaceae	Bifidobacterium
Otu813	Bacteria	Firmicutes	Clostridia	Oscillospirales	Ruminococcaceae	Incertae Sedis
Otu814	Unclassified					
Otu819	Bacteria	Firmicutes	Clostridia	Peptostreptococcales-Tissierellales	Peptostreptococcaceae	Romboutsia
Otu82	Bacteria	Firmicutes	Clostridia	Clostridia UCG-014		
Otu83	Bacteria	Firmicutes	Clostridia	Lachnospirales	Lachnospiraceae	
Otu831	Unclassified					
Otu832	Bacteria	Bacteroidota	Bacteroidia	Bacteroidales	Rikenellaceae	Alistipes
Otu834	Unclassified					
Otu836	Unclassified					
Otu838	Unclassified					
Otu84	Bacteria	Bacteroidota	Bacteroidia	Bacteroidales	Muribaculaceae	
Otu841	Bacteria	Firmicutes	Clostridia			
Otu85	Bacteria	Firmicutes	Clostridia			
Otu851	Unclassified					
Otu853	Unclassified					
Otu86	Bacteria	Proteobacteria	Gammaproteobacteria	Burkholderiales		
Otu861	Bacteria	Firmicutes	Clostridia	Oscillospirales	Ruminococcaceae	
Otu864	Bacteria	Firmicutes	Clostridia	Oscillospirales	Ruminococcaceae	Faecalibacterium
Otu865	Bacteria	Firmicutes	Clostridia	Lachnospirales	Lachnospiraceae	
Otu867	Bacteria	Bacteroidota	Bacteroidia	Bacteroidales	Bacteroidales UCG-001	
Otu868	Unclassified					
Otu869	Bacteria	Firmicutes	Clostridia	Lachnospirales	Lachnospiraceae	
Otu87	Bacteria	Firmicutes	Clostridia	Lachnospirales	Lachnospiraceae	
Otu870	Bacteria	Firmicutes	Clostridia	Oscillospirales	Ruminococcaceae	
Otu872	Unclassified					
Otu878	Unclassified					
Otu879	Bacteria	Firmicutes	Clostridia	Lachnospirales	Lachnospiraceae	Dorea
Otu88	Bacteria	Firmicutes	Clostridia	Lachnospirales	Lachnospiraceae	
Otu880	Bacteria	Firmicutes	Clostridia	Oscillospirales		
Otu885	Bacteria	Firmicutes	Clostridia	Lachnospirales	Lachnospiraceae	
Otu89	Bacteria	Bacteroidota	Bacteroidia	Bacteroidales	Muribaculaceae	
Otu894	Unclassified					
Otu895	Bacteria	Firmicutes	Clostridia	Lachnospirales	Lachnospiraceae	
Otu899	Bacteria	Firmicutes	Clostridia	Lachnospirales	Lachnospiraceae	
Otu9	Bacteria	Firmicutes	Clostridia	Lachnospirales	Lachnospiraceae	
Otu90	Bacteria	Firmicutes	Bacilli	Erysipelotrichales	Erysipelatoclostridiaceae	Erysipelatoclostridium
Otu901	Bacteria	Actinobacteriota	Actinobacteria	Bifidobacteriales	Bifidobacteriaceae	Bifidobacterium
Otu909	Bacteria	Firmicutes	Clostridia	Lachnospirales	Lachnospiraceae	
Otu91	Bacteria	Bacteroidota	Bacteroidia			
Otu913	Unclassified					
Otu916	Bacteria	Firmicutes	Clostridia	Oscillospirales	Oscillospiraceae	UCG-002
Otu918	Unclassified					
Otu92	Bacteria	Bacteroidota	Bacteroidia	Bacteroidales	Bacteroidaceae	Bacteroides
Otu922	Bacteria	Firmicutes	Clostridia	Lachnospirales	Lachnospiraceae	Agathobacter
Otu924	Unclassified					
Otu927	Unclassified					
Otu928	Bacteria	Firmicutes	Clostridia	Lachnospirales	Lachnospiraceae	
Otu93	Bacteria	Firmicutes	Bacilli	Lactobacillales	Lactobacillaceae	Ligilactobacillus
Otu932	Bacteria	Firmicutes	Clostridia	Lachnospirales	Lachnospiraceae	
Otu936	Unclassified					
Otu94	Bacteria	Actinobacteriota	Actinobacteria	Bifidobacteriales	Bifidobacteriaceae	Bifidobacterium
Otu941	Unclassified					
Otu949	Unclassified					
Otu95	Bacteria	Firmicutes	Clostridia	Lachnospirales	Lachnospiraceae	
Otu96	Bacteria	Firmicutes	Clostridia	Oscillospirales	Ruminococcaceae	
Otu963	Bacteria	Firmicutes	Clostridia	Lachnospirales	Lachnospiraceae	
Otu968	Bacteria	Firmicutes	Clostridia	Oscillospirales	Ruminococcaceae	Ruminococcus
Otu97	Bacteria	Proteobacteria	Alphaproteobacteria	Rhodospirillales	uncultured	
Otu971	Bacteria	Proteobacteria	Gammaproteobacteria	Enterobacterales	Enterobacteriaceae	Enterobacter
Otu974	Unclassified					
Otu98	Bacteria	Firmicutes	Clostridia	Lachnospirales	Lachnospiraceae	
Otu980	Unclassified					
Otu984	Unclassified					
Otu987	Bacteria	Firmicutes	Clostridia	Lachnospirales	Lachnospiraceae	
Otu99	Bacteria	Firmicutes	Clostridia	Lachnospirales	Lachnospiraceae	
Otu997	Unclassified					
Otu999	Unclassified					
